"aboutChannelInfo/channelAvatarUrl","aboutChannelInfo/channelBannerUrl","aboutChannelInfo/channelDescription","aboutChannelInfo/channelDescriptionLinks/0/text","aboutChannelInfo/channelDescriptionLinks/0/url","aboutChannelInfo/channelDescriptionLinks/1/text","aboutChannelInfo/channelDescriptionLinks/1/url","aboutChannelInfo/channelDescriptionLinks/2/text","aboutChannelInfo/channelDescriptionLinks/2/url","aboutChannelInfo/channelId","aboutChannelInfo/channelJoinedDate","aboutChannelInfo/channelLocation","aboutChannelInfo/channelName","aboutChannelInfo/channelTotalVideos","aboutChannelInfo/channelTotalViews","aboutChannelInfo/channelUrl","aboutChannelInfo/channelUsername","aboutChannelInfo/inputChannelUrl","aboutChannelInfo/isAgeRestricted","aboutChannelInfo/isChannelVerified","aboutChannelInfo/numberOfSubscribers","channelAvatarUrl","channelBannerUrl","channelDescription","channelDescriptionLinks/0/text","channelDescriptionLinks/0/url","channelDescriptionLinks/1/text","channelDescriptionLinks/1/url","channelDescriptionLinks/2/text","channelDescriptionLinks/2/url","channelId","channelJoinedDate","channelLocation","channelName","channelTotalVideos","channelTotalViews","channelUrl","channelUsername","comments","commentsCount","date","descriptionLinks","duration","formats","fromChannelListPage","fromYTUrl","id","input","inputChannelUrl","isAgeRestricted","isChannelVerified","isMonetized","likes","note","numberOfSubscribers","order","progressKey/label","progressKey/url","standardizedUrl","subtitles","text","thumbnailUrl","title","type","url","viewCount"
,,,,,,,,,,,,,,,,,,,,,,,,,,,,,,,,,,,,,,,,,,,,,,,"https://www.youtube.com/@Manny MUA",,,,,,"Channel does not exist",,,,,,,,,,,"https://www.youtube.com/@Manny%20MUA/about",
,,,,,,,,,,,,,,,,,,,,,,,,,,,,,,,,,,,,,,,,,,,,,,,"https://www.youtube.com/@Chloe Morello",,,,,,"Channel does not exist",,,,,,,,,,,"https://www.youtube.com/@Chloe%20Morello/about",
,,,,,,,,,,,,,,,,,,,,,,,,,,,,,,,,,,,,,,,,,,,,,,,"https://www.youtube.com/@Patrick Starr",,,,,,"Channel does not exist",,,,,,,,,,,"https://www.youtube.com/@Patrick%20Starr/about",
,,,,,,,,,,,,,,,,,,,,,,,,,,,,,,,,,,,,,,,,,,,,,,,"https://www.youtube.com/@Desi Perkins",,,,,,"Channel does not exist",,,,,,,,,,,"https://www.youtube.com/@Desi%20Perkins/about",
,,,,,,,,,,,,,,,,,,,,,,,,,,,,,,,,,,,,,,,,,,,,,,,"https://www.youtube.com/@Jackie Aina",,,,,,"Channel does not exist",,,,,,,,,,,"https://www.youtube.com/@Jackie%20Aina/about",
,,,,,,,,,,,,,,,,,,,,,,,,,,,,,,,,,,,,,,,,,,,,,,,"https://www.youtube.com/@Michelle Phan:beauty influencer and entrepreneur.",,,,,,"Channel does not exist",,,,,,,,,,,"https://www.youtube.com/@Michelle%20Phan:beauty%20influencer%20and%20entrepreneur./about",
,,,,,,,,,,,,,,,,,,,,,,,,,,,,,,,,,,,,,,,,,,,,,,,"https://www.youtube.com/@Huda Kattan (Huda Beauty)",,,,,,"Channel does not exist",,,,,,,,,,,"https://www.youtube.com/@Huda%20Kattan%20(Huda%20Beauty)/about",
,,,,,,,,,,,,,,,,,,,,,,,,,,,,,,,,,,,,,,,,,,,,,,,"https://www.youtube.com/@Wayne Goss ",,,,,,"Channel does not exist",,,,,,,,,,,"https://www.youtube.com/@Wayne%20Goss/about",
,,,,,,,,,,,,,,,,,,,,,,,,,,,,,,,,,,,,,,,,,,,,,,,"https://www.youtube.com/@Melissa Alatorre",,,,,,"Channel does not exist",,,,,,,,,,,"https://www.youtube.com/@Melissa%20Alatorre/about",
"https://yt3.googleusercontent.com/oZdnVbx6U3ALDIrmgB_pxO9wzansyV7TmJbg3zaVQ9vjJoWS1xib8rOfS3TMcR4dEUVjgGD007Y=s160-c-k-c0x00ffffff-no-rj","https://yt3.googleusercontent.com/lvipO5XBkpUmIMorffRtLfrFBo6hWxWh2DqSwbaUV8jWef0NJP396o8pi8ZySYVWEORzXRuXTA=w2560-fcrop64=1,00005a57ffffa5a8-k-c0xffffffff-no-nd-rj","Business inquiries only: info@nikkietutorials.com

» Instagram: @nikkietutorials

» Twitter: Nikkietutorials

» Snapchat: Nikkietutorials

» TIKTOK: https://vm.tiktok.com/JeGLPkq/

#nikkietutorials

Ik sta onder toezicht van het Commissariaat voor de Media.","Twitter","http://www.twitter.com/Nikkietutorials","Facebook","http://www.facebook.com/NikkieTutorials","Instagram","http://instagram.com/nikkietutorials","UCzTKskwIc_-a0cGvCXA848Q","Jun 23, 2008","Netherlands","NikkieTutorials","909","2092120944","https://www.youtube.com/channel/UCzTKskwIc_-a0cGvCXA848Q","nikkietutorials","https://www.youtube.com/@NikkieTutorials","false","true","14600000","https://yt3.googleusercontent.com/oZdnVbx6U3ALDIrmgB_pxO9wzansyV7TmJbg3zaVQ9vjJoWS1xib8rOfS3TMcR4dEUVjgGD007Y=s160-c-k-c0x00ffffff-no-rj","https://yt3.googleusercontent.com/lvipO5XBkpUmIMorffRtLfrFBo6hWxWh2DqSwbaUV8jWef0NJP396o8pi8ZySYVWEORzXRuXTA=w2560-fcrop64=1,00005a57ffffa5a8-k-c0xffffffff-no-nd-rj","Business inquiries only: info@nikkietutorials.com

» Instagram: @nikkietutorials

» Twitter: Nikkietutorials

» Snapchat: Nikkietutorials

» TIKTOK: https://vm.tiktok.com/JeGLPkq/

#nikkietutorials

Ik sta onder toezicht van het Commissariaat voor de Media.","Twitter","http://www.twitter.com/Nikkietutorials","Facebook","http://www.facebook.com/NikkieTutorials","Instagram","http://instagram.com/nikkietutorials","UCzTKskwIc_-a0cGvCXA848Q","Jun 23, 2008","Netherlands","NikkieTutorials","909","2092120944","https://www.youtube.com/channel/UCzTKskwIc_-a0cGvCXA848Q","nikkietutorials",,"1844","2025-01-01T17:03:25.000Z",,"00:01:20",,"shorts","https://www.youtube.com/@NikkieTutorials/shorts","IF6k0pRUGVM","https://www.youtube.com/@NikkieTutorials","https://www.youtube.com/@NikkieTutorials","false","true",,"824000",,"14600000","1","CHANNEL_SHORTS","https://www.youtube.com/@NikkieTutorials/about?ucbcb=1","https://www.youtube.com/@NikkieTutorials/about",,,"https://i.ytimg.com/vi/IF6k0pRUGVM/oardefault.jpg?sqp=-oaymwEoCJUDENAFSFqQAgHyq4qpAxcIARUAAIhC2AEB4gEKCBgQAhgGOAFAAQ==&rs=AOn4CLAnDmMBCtTQOT-jhzLEgvylRn7ukg","ICE CREAM lipstick?! 🍦👄","shorts","https://www.youtube.com/shorts/IF6k0pRUGVM","10628400"
"https://yt3.googleusercontent.com/oZdnVbx6U3ALDIrmgB_pxO9wzansyV7TmJbg3zaVQ9vjJoWS1xib8rOfS3TMcR4dEUVjgGD007Y=s160-c-k-c0x00ffffff-no-rj","https://yt3.googleusercontent.com/lvipO5XBkpUmIMorffRtLfrFBo6hWxWh2DqSwbaUV8jWef0NJP396o8pi8ZySYVWEORzXRuXTA=w2560-fcrop64=1,00005a57ffffa5a8-k-c0xffffffff-no-nd-rj","Business inquiries only: info@nikkietutorials.com

» Instagram: @nikkietutorials

» Twitter: Nikkietutorials

» Snapchat: Nikkietutorials

» TIKTOK: https://vm.tiktok.com/JeGLPkq/

#nikkietutorials

Ik sta onder toezicht van het Commissariaat voor de Media.","Twitter","http://www.twitter.com/Nikkietutorials","Facebook","http://www.facebook.com/NikkieTutorials","Instagram","http://instagram.com/nikkietutorials","UCzTKskwIc_-a0cGvCXA848Q","Jun 23, 2008","Netherlands","NikkieTutorials","909","2092120944","https://www.youtube.com/channel/UCzTKskwIc_-a0cGvCXA848Q","nikkietutorials","https://www.youtube.com/@NikkieTutorials","false","true","14600000","https://yt3.googleusercontent.com/oZdnVbx6U3ALDIrmgB_pxO9wzansyV7TmJbg3zaVQ9vjJoWS1xib8rOfS3TMcR4dEUVjgGD007Y=s160-c-k-c0x00ffffff-no-rj","https://yt3.googleusercontent.com/lvipO5XBkpUmIMorffRtLfrFBo6hWxWh2DqSwbaUV8jWef0NJP396o8pi8ZySYVWEORzXRuXTA=w2560-fcrop64=1,00005a57ffffa5a8-k-c0xffffffff-no-nd-rj","Business inquiries only: info@nikkietutorials.com

» Instagram: @nikkietutorials

» Twitter: Nikkietutorials

» Snapchat: Nikkietutorials

» TIKTOK: https://vm.tiktok.com/JeGLPkq/

#nikkietutorials

Ik sta onder toezicht van het Commissariaat voor de Media.","Twitter","http://www.twitter.com/Nikkietutorials","Facebook","http://www.facebook.com/NikkieTutorials","Instagram","http://instagram.com/nikkietutorials","UCzTKskwIc_-a0cGvCXA848Q","Jun 23, 2008","Netherlands","NikkieTutorials","909","2092120944","https://www.youtube.com/channel/UCzTKskwIc_-a0cGvCXA848Q","nikkietutorials",,"1845","2024-09-26T17:09:34.000Z",,"00:00:59",,"shorts","https://www.youtube.com/@NikkieTutorials/shorts","qmrnz6Ee3Vs","https://www.youtube.com/@NikkieTutorials","https://www.youtube.com/@NikkieTutorials","false","true",,"468000",,"14600000","4","CHANNEL_SHORTS","https://www.youtube.com/@NikkieTutorials/about?ucbcb=1","https://www.youtube.com/@NikkieTutorials/about",,,"https://i.ytimg.com/vi/qmrnz6Ee3Vs/oardefault.jpg?sqp=-oaymwEoCJUDENAFSFqQAgHyq4qpAxcIARUAAIhC2AEB4gEKCBgQAhgGOAFAAQ==&rs=AOn4CLCGKuR40mS0oH14ZJmfRwuXfPp3jw","trying TAPE makeup?! 🤔","shorts","https://www.youtube.com/shorts/qmrnz6Ee3Vs","7355705"
"https://yt3.googleusercontent.com/oZdnVbx6U3ALDIrmgB_pxO9wzansyV7TmJbg3zaVQ9vjJoWS1xib8rOfS3TMcR4dEUVjgGD007Y=s160-c-k-c0x00ffffff-no-rj","https://yt3.googleusercontent.com/lvipO5XBkpUmIMorffRtLfrFBo6hWxWh2DqSwbaUV8jWef0NJP396o8pi8ZySYVWEORzXRuXTA=w2560-fcrop64=1,00005a57ffffa5a8-k-c0xffffffff-no-nd-rj","Business inquiries only: info@nikkietutorials.com

» Instagram: @nikkietutorials

» Twitter: Nikkietutorials

» Snapchat: Nikkietutorials

» TIKTOK: https://vm.tiktok.com/JeGLPkq/

#nikkietutorials

Ik sta onder toezicht van het Commissariaat voor de Media.","Twitter","http://www.twitter.com/Nikkietutorials","Facebook","http://www.facebook.com/NikkieTutorials","Instagram","http://instagram.com/nikkietutorials","UCzTKskwIc_-a0cGvCXA848Q","Jun 23, 2008","Netherlands","NikkieTutorials","909","2092120944","https://www.youtube.com/channel/UCzTKskwIc_-a0cGvCXA848Q","nikkietutorials","https://www.youtube.com/@NikkieTutorials","false","true","14600000","https://yt3.googleusercontent.com/oZdnVbx6U3ALDIrmgB_pxO9wzansyV7TmJbg3zaVQ9vjJoWS1xib8rOfS3TMcR4dEUVjgGD007Y=s160-c-k-c0x00ffffff-no-rj","https://yt3.googleusercontent.com/lvipO5XBkpUmIMorffRtLfrFBo6hWxWh2DqSwbaUV8jWef0NJP396o8pi8ZySYVWEORzXRuXTA=w2560-fcrop64=1,00005a57ffffa5a8-k-c0xffffffff-no-nd-rj","Business inquiries only: info@nikkietutorials.com

» Instagram: @nikkietutorials

» Twitter: Nikkietutorials

» Snapchat: Nikkietutorials

» TIKTOK: https://vm.tiktok.com/JeGLPkq/

#nikkietutorials

Ik sta onder toezicht van het Commissariaat voor de Media.","Twitter","http://www.twitter.com/Nikkietutorials","Facebook","http://www.facebook.com/NikkieTutorials","Instagram","http://instagram.com/nikkietutorials","UCzTKskwIc_-a0cGvCXA848Q","Jun 23, 2008","Netherlands","NikkieTutorials","909","2092120944","https://www.youtube.com/channel/UCzTKskwIc_-a0cGvCXA848Q","nikkietutorials",,"1398","2024-12-13T17:06:39.000Z",,"00:01:06",,"shorts","https://www.youtube.com/@NikkieTutorials/shorts","iMhxKAQmHuc","https://www.youtube.com/@NikkieTutorials","https://www.youtube.com/@NikkieTutorials","false","true",,"329000",,"14600000","2","CHANNEL_SHORTS","https://www.youtube.com/@NikkieTutorials/about?ucbcb=1","https://www.youtube.com/@NikkieTutorials/about",,,"https://i.ytimg.com/vi/iMhxKAQmHuc/oardefault.jpg?sqp=-oaymwEoCJUDENAFSFqQAgHyq4qpAxcIARUAAIhC2AEB4gEKCBgQAhgGOAFAAQ==&rs=AOn4CLAOyqWkswvgjwClf5yC_sJ5Eui0fg","Trying OLD AGE Filter Makeup 👵🏻","shorts","https://www.youtube.com/shorts/iMhxKAQmHuc","4324309"
"https://yt3.googleusercontent.com/oZdnVbx6U3ALDIrmgB_pxO9wzansyV7TmJbg3zaVQ9vjJoWS1xib8rOfS3TMcR4dEUVjgGD007Y=s160-c-k-c0x00ffffff-no-rj","https://yt3.googleusercontent.com/lvipO5XBkpUmIMorffRtLfrFBo6hWxWh2DqSwbaUV8jWef0NJP396o8pi8ZySYVWEORzXRuXTA=w2560-fcrop64=1,00005a57ffffa5a8-k-c0xffffffff-no-nd-rj","Business inquiries only: info@nikkietutorials.com

» Instagram: @nikkietutorials

» Twitter: Nikkietutorials

» Snapchat: Nikkietutorials

» TIKTOK: https://vm.tiktok.com/JeGLPkq/

#nikkietutorials

Ik sta onder toezicht van het Commissariaat voor de Media.","Twitter","http://www.twitter.com/Nikkietutorials","Facebook","http://www.facebook.com/NikkieTutorials","Instagram","http://instagram.com/nikkietutorials","UCzTKskwIc_-a0cGvCXA848Q","Jun 23, 2008","Netherlands","NikkieTutorials","909","2092120944","https://www.youtube.com/channel/UCzTKskwIc_-a0cGvCXA848Q","nikkietutorials","https://www.youtube.com/@NikkieTutorials","false","true","14600000","https://yt3.googleusercontent.com/oZdnVbx6U3ALDIrmgB_pxO9wzansyV7TmJbg3zaVQ9vjJoWS1xib8rOfS3TMcR4dEUVjgGD007Y=s160-c-k-c0x00ffffff-no-rj","https://yt3.googleusercontent.com/lvipO5XBkpUmIMorffRtLfrFBo6hWxWh2DqSwbaUV8jWef0NJP396o8pi8ZySYVWEORzXRuXTA=w2560-fcrop64=1,00005a57ffffa5a8-k-c0xffffffff-no-nd-rj","Business inquiries only: info@nikkietutorials.com

» Instagram: @nikkietutorials

» Twitter: Nikkietutorials

» Snapchat: Nikkietutorials

» TIKTOK: https://vm.tiktok.com/JeGLPkq/

#nikkietutorials

Ik sta onder toezicht van het Commissariaat voor de Media.","Twitter","http://www.twitter.com/Nikkietutorials","Facebook","http://www.facebook.com/NikkieTutorials","Instagram","http://instagram.com/nikkietutorials","UCzTKskwIc_-a0cGvCXA848Q","Jun 23, 2008","Netherlands","NikkieTutorials","909","2092120944","https://www.youtube.com/channel/UCzTKskwIc_-a0cGvCXA848Q","nikkietutorials",,"529","2025-02-16T18:19:19.000Z",,"00:01:25",,"shorts","https://www.youtube.com/@NikkieTutorials/shorts","bM3XWjv8lfI","https://www.youtube.com/@NikkieTutorials","https://www.youtube.com/@NikkieTutorials","false","true",,"120000",,"14600000","0","CHANNEL_SHORTS","https://www.youtube.com/@NikkieTutorials/about?ucbcb=1","https://www.youtube.com/@NikkieTutorials/about",,,"https://i.ytimg.com/vi/bM3XWjv8lfI/oardefault.jpg?sqp=-oaymwEoCJUDENAFSFqQAgHyq4qpAxcIARUAAIhC2AEB4gEKCBgQAhgGOAFAAQ==&rs=AOn4CLAAsI6a_AHVQ3C4RxMMaEViPUuYQA","trying this CRAZY viral hair tool.. 🧐","shorts","https://www.youtube.com/shorts/bM3XWjv8lfI","2108698"
"https://yt3.googleusercontent.com/oZdnVbx6U3ALDIrmgB_pxO9wzansyV7TmJbg3zaVQ9vjJoWS1xib8rOfS3TMcR4dEUVjgGD007Y=s160-c-k-c0x00ffffff-no-rj","https://yt3.googleusercontent.com/lvipO5XBkpUmIMorffRtLfrFBo6hWxWh2DqSwbaUV8jWef0NJP396o8pi8ZySYVWEORzXRuXTA=w2560-fcrop64=1,00005a57ffffa5a8-k-c0xffffffff-no-nd-rj","Business inquiries only: info@nikkietutorials.com

» Instagram: @nikkietutorials

» Twitter: Nikkietutorials

» Snapchat: Nikkietutorials

» TIKTOK: https://vm.tiktok.com/JeGLPkq/

#nikkietutorials

Ik sta onder toezicht van het Commissariaat voor de Media.","Twitter","http://www.twitter.com/Nikkietutorials","Facebook","http://www.facebook.com/NikkieTutorials","Instagram","http://instagram.com/nikkietutorials","UCzTKskwIc_-a0cGvCXA848Q","Jun 23, 2008","Netherlands","NikkieTutorials","909","2092120944","https://www.youtube.com/channel/UCzTKskwIc_-a0cGvCXA848Q","nikkietutorials","https://www.youtube.com/@NikkieTutorials","false","true","14600000","https://yt3.googleusercontent.com/oZdnVbx6U3ALDIrmgB_pxO9wzansyV7TmJbg3zaVQ9vjJoWS1xib8rOfS3TMcR4dEUVjgGD007Y=s160-c-k-c0x00ffffff-no-rj","https://yt3.googleusercontent.com/lvipO5XBkpUmIMorffRtLfrFBo6hWxWh2DqSwbaUV8jWef0NJP396o8pi8ZySYVWEORzXRuXTA=w2560-fcrop64=1,00005a57ffffa5a8-k-c0xffffffff-no-nd-rj","Business inquiries only: info@nikkietutorials.com

» Instagram: @nikkietutorials

» Twitter: Nikkietutorials

» Snapchat: Nikkietutorials

» TIKTOK: https://vm.tiktok.com/JeGLPkq/

#nikkietutorials

Ik sta onder toezicht van het Commissariaat voor de Media.","Twitter","http://www.twitter.com/Nikkietutorials","Facebook","http://www.facebook.com/NikkieTutorials","Instagram","http://instagram.com/nikkietutorials","UCzTKskwIc_-a0cGvCXA848Q","Jun 23, 2008","Netherlands","NikkieTutorials","909","2092120944","https://www.youtube.com/channel/UCzTKskwIc_-a0cGvCXA848Q","nikkietutorials",,"4539","2024-07-07T17:33:45.000Z",,"00:01:00",,"shorts","https://www.youtube.com/@NikkieTutorials/shorts","L0mCS-xdzbc","https://www.youtube.com/@NikkieTutorials","https://www.youtube.com/@NikkieTutorials","false","true",,"662000",,"14600000","6","CHANNEL_SHORTS","https://www.youtube.com/@NikkieTutorials/about?ucbcb=1","https://www.youtube.com/@NikkieTutorials/about",,,"https://i.ytimg.com/vi/L0mCS-xdzbc/oardefault.jpg?sqp=-oaymwEoCJUDENAFSFqQAgHyq4qpAxcIARUAAIhC2AEB4gEKCBgQAhgGOAFAAQ==&rs=AOn4CLC5ls3LgHa1LryZ-_3U993OaD9Hqg","if “trusting the process” was a makeup look 😱","shorts","https://www.youtube.com/shorts/L0mCS-xdzbc","8539105"
"https://yt3.googleusercontent.com/oZdnVbx6U3ALDIrmgB_pxO9wzansyV7TmJbg3zaVQ9vjJoWS1xib8rOfS3TMcR4dEUVjgGD007Y=s160-c-k-c0x00ffffff-no-rj","https://yt3.googleusercontent.com/lvipO5XBkpUmIMorffRtLfrFBo6hWxWh2DqSwbaUV8jWef0NJP396o8pi8ZySYVWEORzXRuXTA=w2560-fcrop64=1,00005a57ffffa5a8-k-c0xffffffff-no-nd-rj","Business inquiries only: info@nikkietutorials.com

» Instagram: @nikkietutorials

» Twitter: Nikkietutorials

» Snapchat: Nikkietutorials

» TIKTOK: https://vm.tiktok.com/JeGLPkq/

#nikkietutorials

Ik sta onder toezicht van het Commissariaat voor de Media.","Twitter","http://www.twitter.com/Nikkietutorials","Facebook","http://www.facebook.com/NikkieTutorials","Instagram","http://instagram.com/nikkietutorials","UCzTKskwIc_-a0cGvCXA848Q","Jun 23, 2008","Netherlands","NikkieTutorials","909","2092120944","https://www.youtube.com/channel/UCzTKskwIc_-a0cGvCXA848Q","nikkietutorials","https://www.youtube.com/@NikkieTutorials","false","true","14600000","https://yt3.googleusercontent.com/oZdnVbx6U3ALDIrmgB_pxO9wzansyV7TmJbg3zaVQ9vjJoWS1xib8rOfS3TMcR4dEUVjgGD007Y=s160-c-k-c0x00ffffff-no-rj","https://yt3.googleusercontent.com/lvipO5XBkpUmIMorffRtLfrFBo6hWxWh2DqSwbaUV8jWef0NJP396o8pi8ZySYVWEORzXRuXTA=w2560-fcrop64=1,00005a57ffffa5a8-k-c0xffffffff-no-nd-rj","Business inquiries only: info@nikkietutorials.com

» Instagram: @nikkietutorials

» Twitter: Nikkietutorials

» Snapchat: Nikkietutorials

» TIKTOK: https://vm.tiktok.com/JeGLPkq/

#nikkietutorials

Ik sta onder toezicht van het Commissariaat voor de Media.","Twitter","http://www.twitter.com/Nikkietutorials","Facebook","http://www.facebook.com/NikkieTutorials","Instagram","http://instagram.com/nikkietutorials","UCzTKskwIc_-a0cGvCXA848Q","Jun 23, 2008","Netherlands","NikkieTutorials","909","2092120944","https://www.youtube.com/channel/UCzTKskwIc_-a0cGvCXA848Q","nikkietutorials",,"955","2024-11-25T17:47:17.000Z",,"00:00:59",,"shorts","https://www.youtube.com/@NikkieTutorials/shorts","iqBzP8IbfpY","https://www.youtube.com/@NikkieTutorials","https://www.youtube.com/@NikkieTutorials","false","true",,"200000",,"14600000","3","CHANNEL_SHORTS","https://www.youtube.com/@NikkieTutorials/about?ucbcb=1","https://www.youtube.com/@NikkieTutorials/about",,,"https://i.ytimg.com/vi/iqBzP8IbfpY/oardefault.jpg?sqp=-oaymwEoCJUDENAFSFqQAgHyq4qpAxcIARUAAIhC2AEB4gEKCBgQAhgGOAFAAQ==&rs=AOn4CLA4uupwWIeBrdpi1FZOX_obHCgMOA","trying a viral GLITTER mascara… 🤩✨","shorts","https://www.youtube.com/shorts/iqBzP8IbfpY","2741522"
"https://yt3.googleusercontent.com/oZdnVbx6U3ALDIrmgB_pxO9wzansyV7TmJbg3zaVQ9vjJoWS1xib8rOfS3TMcR4dEUVjgGD007Y=s160-c-k-c0x00ffffff-no-rj","https://yt3.googleusercontent.com/lvipO5XBkpUmIMorffRtLfrFBo6hWxWh2DqSwbaUV8jWef0NJP396o8pi8ZySYVWEORzXRuXTA=w2560-fcrop64=1,00005a57ffffa5a8-k-c0xffffffff-no-nd-rj","Business inquiries only: info@nikkietutorials.com

» Instagram: @nikkietutorials

» Twitter: Nikkietutorials

» Snapchat: Nikkietutorials

» TIKTOK: https://vm.tiktok.com/JeGLPkq/

#nikkietutorials

Ik sta onder toezicht van het Commissariaat voor de Media.","Twitter","http://www.twitter.com/Nikkietutorials","Facebook","http://www.facebook.com/NikkieTutorials","Instagram","http://instagram.com/nikkietutorials","UCzTKskwIc_-a0cGvCXA848Q","Jun 23, 2008","Netherlands","NikkieTutorials","909","2092120944","https://www.youtube.com/channel/UCzTKskwIc_-a0cGvCXA848Q","nikkietutorials","https://www.youtube.com/@NikkieTutorials","false","true","14600000","https://yt3.googleusercontent.com/oZdnVbx6U3ALDIrmgB_pxO9wzansyV7TmJbg3zaVQ9vjJoWS1xib8rOfS3TMcR4dEUVjgGD007Y=s160-c-k-c0x00ffffff-no-rj","https://yt3.googleusercontent.com/lvipO5XBkpUmIMorffRtLfrFBo6hWxWh2DqSwbaUV8jWef0NJP396o8pi8ZySYVWEORzXRuXTA=w2560-fcrop64=1,00005a57ffffa5a8-k-c0xffffffff-no-nd-rj","Business inquiries only: info@nikkietutorials.com

» Instagram: @nikkietutorials

» Twitter: Nikkietutorials

» Snapchat: Nikkietutorials

» TIKTOK: https://vm.tiktok.com/JeGLPkq/

#nikkietutorials

Ik sta onder toezicht van het Commissariaat voor de Media.","Twitter","http://www.twitter.com/Nikkietutorials","Facebook","http://www.facebook.com/NikkieTutorials","Instagram","http://instagram.com/nikkietutorials","UCzTKskwIc_-a0cGvCXA848Q","Jun 23, 2008","Netherlands","NikkieTutorials","909","2092120944","https://www.youtube.com/channel/UCzTKskwIc_-a0cGvCXA848Q","nikkietutorials",,"684","2024-03-09T17:12:55.000Z",,"00:00:33",,"shorts","https://www.youtube.com/@NikkieTutorials/shorts","zNA3p9e2Isc","https://www.youtube.com/@NikkieTutorials","https://www.youtube.com/@NikkieTutorials","false","true",,"208000",,"14600000","8","CHANNEL_SHORTS","https://www.youtube.com/@NikkieTutorials/about?ucbcb=1","https://www.youtube.com/@NikkieTutorials/about",,,"https://i.ytimg.com/vi/zNA3p9e2Isc/oardefault.jpg?sqp=-oaymwEoCJUDENAFSFqQAgHyq4qpAxcIARUAAIhC2AEB4gEKCBgQAhgGOAFAAQ==&rs=AOn4CLCy-PRgBv30ZWnBMZTXdX1LXizCQA","Zara Larsson teaches NikkieTutorials SWEDISH! 🇸🇪","shorts","https://www.youtube.com/shorts/zNA3p9e2Isc","4565710"
"https://yt3.googleusercontent.com/oZdnVbx6U3ALDIrmgB_pxO9wzansyV7TmJbg3zaVQ9vjJoWS1xib8rOfS3TMcR4dEUVjgGD007Y=s160-c-k-c0x00ffffff-no-rj","https://yt3.googleusercontent.com/lvipO5XBkpUmIMorffRtLfrFBo6hWxWh2DqSwbaUV8jWef0NJP396o8pi8ZySYVWEORzXRuXTA=w2560-fcrop64=1,00005a57ffffa5a8-k-c0xffffffff-no-nd-rj","Business inquiries only: info@nikkietutorials.com

» Instagram: @nikkietutorials

» Twitter: Nikkietutorials

» Snapchat: Nikkietutorials

» TIKTOK: https://vm.tiktok.com/JeGLPkq/

#nikkietutorials

Ik sta onder toezicht van het Commissariaat voor de Media.","Twitter","http://www.twitter.com/Nikkietutorials","Facebook","http://www.facebook.com/NikkieTutorials","Instagram","http://instagram.com/nikkietutorials","UCzTKskwIc_-a0cGvCXA848Q","Jun 23, 2008","Netherlands","NikkieTutorials","909","2092120944","https://www.youtube.com/channel/UCzTKskwIc_-a0cGvCXA848Q","nikkietutorials","https://www.youtube.com/@NikkieTutorials","false","true","14600000","https://yt3.googleusercontent.com/oZdnVbx6U3ALDIrmgB_pxO9wzansyV7TmJbg3zaVQ9vjJoWS1xib8rOfS3TMcR4dEUVjgGD007Y=s160-c-k-c0x00ffffff-no-rj","https://yt3.googleusercontent.com/lvipO5XBkpUmIMorffRtLfrFBo6hWxWh2DqSwbaUV8jWef0NJP396o8pi8ZySYVWEORzXRuXTA=w2560-fcrop64=1,00005a57ffffa5a8-k-c0xffffffff-no-nd-rj","Business inquiries only: info@nikkietutorials.com

» Instagram: @nikkietutorials

» Twitter: Nikkietutorials

» Snapchat: Nikkietutorials

» TIKTOK: https://vm.tiktok.com/JeGLPkq/

#nikkietutorials

Ik sta onder toezicht van het Commissariaat voor de Media.","Twitter","http://www.twitter.com/Nikkietutorials","Facebook","http://www.facebook.com/NikkieTutorials","Instagram","http://instagram.com/nikkietutorials","UCzTKskwIc_-a0cGvCXA848Q","Jun 23, 2008","Netherlands","NikkieTutorials","909","2092120944","https://www.youtube.com/channel/UCzTKskwIc_-a0cGvCXA848Q","nikkietutorials",,"2645","2024-05-06T15:04:49.000Z",,"00:00:59",,"shorts","https://www.youtube.com/@NikkieTutorials/shorts","6o5hcC934Ec","https://www.youtube.com/@NikkieTutorials","https://www.youtube.com/@NikkieTutorials","false","true",,"572000",,"14600000","7","CHANNEL_SHORTS","https://www.youtube.com/@NikkieTutorials/about?ucbcb=1","https://www.youtube.com/@NikkieTutorials/about",,,"https://i.ytimg.com/vi/6o5hcC934Ec/oardefault.jpg?sqp=-oaymwEoCJUDENAFSFqQAgHyq4qpAxcIARUAAIhC2AEB4gEKCBgQAhgGOAFAAQ==&rs=AOn4CLC0ArGPBH9FKg5rk9whxg0jjvFgJw","trying SUNSET BLUSH? 🌅🩷🧡","shorts","https://www.youtube.com/shorts/6o5hcC934Ec","8502845"
"https://yt3.googleusercontent.com/oZdnVbx6U3ALDIrmgB_pxO9wzansyV7TmJbg3zaVQ9vjJoWS1xib8rOfS3TMcR4dEUVjgGD007Y=s160-c-k-c0x00ffffff-no-rj","https://yt3.googleusercontent.com/lvipO5XBkpUmIMorffRtLfrFBo6hWxWh2DqSwbaUV8jWef0NJP396o8pi8ZySYVWEORzXRuXTA=w2560-fcrop64=1,00005a57ffffa5a8-k-c0xffffffff-no-nd-rj","Business inquiries only: info@nikkietutorials.com

» Instagram: @nikkietutorials

» Twitter: Nikkietutorials

» Snapchat: Nikkietutorials

» TIKTOK: https://vm.tiktok.com/JeGLPkq/

#nikkietutorials

Ik sta onder toezicht van het Commissariaat voor de Media.","Twitter","http://www.twitter.com/Nikkietutorials","Facebook","http://www.facebook.com/NikkieTutorials","Instagram","http://instagram.com/nikkietutorials","UCzTKskwIc_-a0cGvCXA848Q","Jun 23, 2008","Netherlands","NikkieTutorials","909","2092120944","https://www.youtube.com/channel/UCzTKskwIc_-a0cGvCXA848Q","nikkietutorials","https://www.youtube.com/@NikkieTutorials","false","true","14600000","https://yt3.googleusercontent.com/oZdnVbx6U3ALDIrmgB_pxO9wzansyV7TmJbg3zaVQ9vjJoWS1xib8rOfS3TMcR4dEUVjgGD007Y=s160-c-k-c0x00ffffff-no-rj","https://yt3.googleusercontent.com/lvipO5XBkpUmIMorffRtLfrFBo6hWxWh2DqSwbaUV8jWef0NJP396o8pi8ZySYVWEORzXRuXTA=w2560-fcrop64=1,00005a57ffffa5a8-k-c0xffffffff-no-nd-rj","Business inquiries only: info@nikkietutorials.com

» Instagram: @nikkietutorials

» Twitter: Nikkietutorials

» Snapchat: Nikkietutorials

» TIKTOK: https://vm.tiktok.com/JeGLPkq/

#nikkietutorials

Ik sta onder toezicht van het Commissariaat voor de Media.","Twitter","http://www.twitter.com/Nikkietutorials","Facebook","http://www.facebook.com/NikkieTutorials","Instagram","http://instagram.com/nikkietutorials","UCzTKskwIc_-a0cGvCXA848Q","Jun 23, 2008","Netherlands","NikkieTutorials","909","2092120944","https://www.youtube.com/channel/UCzTKskwIc_-a0cGvCXA848Q","nikkietutorials",,"863","2024-08-20T16:08:27.000Z",,"00:00:59",,"shorts","https://www.youtube.com/@NikkieTutorials/shorts","CV5_kjAPr-4","https://www.youtube.com/@NikkieTutorials","https://www.youtube.com/@NikkieTutorials","false","true",,"102000",,"14600000","5","CHANNEL_SHORTS","https://www.youtube.com/@NikkieTutorials/about?ucbcb=1","https://www.youtube.com/@NikkieTutorials/about",,,"https://i.ytimg.com/vi/CV5_kjAPr-4/oardefault.jpg?sqp=-oaymwEoCJUDENAFSFqQAgHyq4qpAxcIARUAAIhC2AEB4gEKCBgQAhgGOAFAAQ==&rs=AOn4CLCdVrKkLg25FliixGU7Rny5bcrEtA","a lower lash STAMP?! 🥴","shorts","https://www.youtube.com/shorts/CV5_kjAPr-4","1651109"
"https://yt3.googleusercontent.com/ytc/AIdro_lHH-xCcB0zvN9-O5EcF8Mw9yYJBAulKTqXpb5RXvraHCBD=s160-c-k-c0x00ffffff-no-rj","https://yt3.googleusercontent.com/Xxb1RSKG0L1fbnMsHGPlD5GxiqcxhD7ckGtaW0IJWiBNdiaDludKHdBXCeNJCOSOW6jtntdA=w2560-fcrop64=1,00005a57ffffa5a8-k-c0xffffffff-no-nd-rj","RawBeautyKristi - A place where you can feel confident in getting HONEST Product Reviews, Makeup tutorials, Health, Life & Weight loss advice and MORE. All with a sense of humor and a bit of a potty mouth. Join me!  

Uploads every Monday, Wednesday & Friday! 

For Business Inquiries please contact: kristi@infagency.com

Facebook
Twitter
Instagram
Username for all: @rawbeautykristi","Instagram","http://instagram.com/rawbeautykristi","Twitter","https://twitter.com/RawBeautyKristi","Facebook","https://www.facebook.com/pages/Raw-Beauty-Kristi/363108873798791?ref=hl","UCOtoxvHLKrIlWbt4MRBWfbQ","Feb 28, 2013","United States","RawBeautyKristi","888","174562078","https://www.youtube.com/channel/UCOtoxvHLKrIlWbt4MRBWfbQ","RawBeautyKristi","https://www.youtube.com/@RawBeautyKristi","false","false","1080000","https://yt3.googleusercontent.com/ytc/AIdro_lHH-xCcB0zvN9-O5EcF8Mw9yYJBAulKTqXpb5RXvraHCBD=s160-c-k-c0x00ffffff-no-rj","https://yt3.googleusercontent.com/Xxb1RSKG0L1fbnMsHGPlD5GxiqcxhD7ckGtaW0IJWiBNdiaDludKHdBXCeNJCOSOW6jtntdA=w2560-fcrop64=1,00005a57ffffa5a8-k-c0xffffffff-no-nd-rj","RawBeautyKristi - A place where you can feel confident in getting HONEST Product Reviews, Makeup tutorials, Health, Life & Weight loss advice and MORE. All with a sense of humor and a bit of a potty mouth. Join me!  

Uploads every Monday, Wednesday & Friday! 

For Business Inquiries please contact: kristi@infagency.com

Facebook
Twitter
Instagram
Username for all: @rawbeautykristi","Instagram","http://instagram.com/rawbeautykristi","Twitter","https://twitter.com/RawBeautyKristi","Facebook","https://www.facebook.com/pages/Raw-Beauty-Kristi/363108873798791?ref=hl","UCOtoxvHLKrIlWbt4MRBWfbQ","Feb 28, 2013","United States","RawBeautyKristi","888","174562078","https://www.youtube.com/channel/UCOtoxvHLKrIlWbt4MRBWfbQ","RawBeautyKristi",,"7","2025-02-13T20:47:21.000Z",,"00:00:17",,"shorts","https://www.youtube.com/@RawBeautyKristi/shorts","-UH2UAhCmu0","https://www.youtube.com/@RawBeautyKristi","https://www.youtube.com/@RawBeautyKristi","false","false",,"442",,"1080000","1","CHANNEL_SHORTS","https://www.youtube.com/@RawBeautyKristi/about?ucbcb=1","https://www.youtube.com/@RawBeautyKristi/about",,,"https://i.ytimg.com/vi/-UH2UAhCmu0/oardefault.jpg?sqp=-oaymwEoCJUDENAFSFqQAgHyq4qpAxcIARUAAIhC2AEB4gEKCBgQAhgGOAFAAQ==&rs=AOn4CLBKRQQmnmA5v7QU91ClHEThldVxzg","It doesn’t take talent it takes PRACTICE","shorts","https://www.youtube.com/shorts/-UH2UAhCmu0","4925"
"https://yt3.googleusercontent.com/ytc/AIdro_lHH-xCcB0zvN9-O5EcF8Mw9yYJBAulKTqXpb5RXvraHCBD=s160-c-k-c0x00ffffff-no-rj","https://yt3.googleusercontent.com/Xxb1RSKG0L1fbnMsHGPlD5GxiqcxhD7ckGtaW0IJWiBNdiaDludKHdBXCeNJCOSOW6jtntdA=w2560-fcrop64=1,00005a57ffffa5a8-k-c0xffffffff-no-nd-rj","RawBeautyKristi - A place where you can feel confident in getting HONEST Product Reviews, Makeup tutorials, Health, Life & Weight loss advice and MORE. All with a sense of humor and a bit of a potty mouth. Join me!  

Uploads every Monday, Wednesday & Friday! 

For Business Inquiries please contact: kristi@infagency.com

Facebook
Twitter
Instagram
Username for all: @rawbeautykristi","Instagram","http://instagram.com/rawbeautykristi","Twitter","https://twitter.com/RawBeautyKristi","Facebook","https://www.facebook.com/pages/Raw-Beauty-Kristi/363108873798791?ref=hl","UCOtoxvHLKrIlWbt4MRBWfbQ","Feb 28, 2013","United States","RawBeautyKristi","888","174562078","https://www.youtube.com/channel/UCOtoxvHLKrIlWbt4MRBWfbQ","RawBeautyKristi","https://www.youtube.com/@RawBeautyKristi","false","false","1080000","https://yt3.googleusercontent.com/ytc/AIdro_lHH-xCcB0zvN9-O5EcF8Mw9yYJBAulKTqXpb5RXvraHCBD=s160-c-k-c0x00ffffff-no-rj","https://yt3.googleusercontent.com/Xxb1RSKG0L1fbnMsHGPlD5GxiqcxhD7ckGtaW0IJWiBNdiaDludKHdBXCeNJCOSOW6jtntdA=w2560-fcrop64=1,00005a57ffffa5a8-k-c0xffffffff-no-nd-rj","RawBeautyKristi - A place where you can feel confident in getting HONEST Product Reviews, Makeup tutorials, Health, Life & Weight loss advice and MORE. All with a sense of humor and a bit of a potty mouth. Join me!  

Uploads every Monday, Wednesday & Friday! 

For Business Inquiries please contact: kristi@infagency.com

Facebook
Twitter
Instagram
Username for all: @rawbeautykristi","Instagram","http://instagram.com/rawbeautykristi","Twitter","https://twitter.com/RawBeautyKristi","Facebook","https://www.facebook.com/pages/Raw-Beauty-Kristi/363108873798791?ref=hl","UCOtoxvHLKrIlWbt4MRBWfbQ","Feb 28, 2013","United States","RawBeautyKristi","888","174562078","https://www.youtube.com/channel/UCOtoxvHLKrIlWbt4MRBWfbQ","RawBeautyKristi",,"40","2025-02-12T01:35:59.000Z",,"00:01:58",,"shorts","https://www.youtube.com/@RawBeautyKristi/shorts","3ZsYOU9Lr0U","https://www.youtube.com/@RawBeautyKristi","https://www.youtube.com/@RawBeautyKristi","false","false",,"464",,"1080000","2","CHANNEL_SHORTS","https://www.youtube.com/@RawBeautyKristi/about?ucbcb=1","https://www.youtube.com/@RawBeautyKristi/about",,,"https://i.ytimg.com/vi/3ZsYOU9Lr0U/oardefault.jpg?sqp=-oaymwEoCJUDENAFSFqQAgHyq4qpAxcIARUAAIhC2AEB4gEKCBgQAhgGOAFAAQ==&rs=AOn4CLC04uigW9-9Tfuj9qUcmrpdAa1MpA","Throwing on the wheel // You don’t suck at #pottery! It takes more practice than you think! #ceramic","shorts","https://www.youtube.com/shorts/3ZsYOU9Lr0U","3900"
"https://yt3.googleusercontent.com/ytc/AIdro_lHH-xCcB0zvN9-O5EcF8Mw9yYJBAulKTqXpb5RXvraHCBD=s160-c-k-c0x00ffffff-no-rj","https://yt3.googleusercontent.com/Xxb1RSKG0L1fbnMsHGPlD5GxiqcxhD7ckGtaW0IJWiBNdiaDludKHdBXCeNJCOSOW6jtntdA=w2560-fcrop64=1,00005a57ffffa5a8-k-c0xffffffff-no-nd-rj","RawBeautyKristi - A place where you can feel confident in getting HONEST Product Reviews, Makeup tutorials, Health, Life & Weight loss advice and MORE. All with a sense of humor and a bit of a potty mouth. Join me!  

Uploads every Monday, Wednesday & Friday! 

For Business Inquiries please contact: kristi@infagency.com

Facebook
Twitter
Instagram
Username for all: @rawbeautykristi","Instagram","http://instagram.com/rawbeautykristi","Twitter","https://twitter.com/RawBeautyKristi","Facebook","https://www.facebook.com/pages/Raw-Beauty-Kristi/363108873798791?ref=hl","UCOtoxvHLKrIlWbt4MRBWfbQ","Feb 28, 2013","United States","RawBeautyKristi","888","174562078","https://www.youtube.com/channel/UCOtoxvHLKrIlWbt4MRBWfbQ","RawBeautyKristi","https://www.youtube.com/@RawBeautyKristi","false","false","1080000","https://yt3.googleusercontent.com/ytc/AIdro_lHH-xCcB0zvN9-O5EcF8Mw9yYJBAulKTqXpb5RXvraHCBD=s160-c-k-c0x00ffffff-no-rj","https://yt3.googleusercontent.com/Xxb1RSKG0L1fbnMsHGPlD5GxiqcxhD7ckGtaW0IJWiBNdiaDludKHdBXCeNJCOSOW6jtntdA=w2560-fcrop64=1,00005a57ffffa5a8-k-c0xffffffff-no-nd-rj","RawBeautyKristi - A place where you can feel confident in getting HONEST Product Reviews, Makeup tutorials, Health, Life & Weight loss advice and MORE. All with a sense of humor and a bit of a potty mouth. Join me!  

Uploads every Monday, Wednesday & Friday! 

For Business Inquiries please contact: kristi@infagency.com

Facebook
Twitter
Instagram
Username for all: @rawbeautykristi","Instagram","http://instagram.com/rawbeautykristi","Twitter","https://twitter.com/RawBeautyKristi","Facebook","https://www.facebook.com/pages/Raw-Beauty-Kristi/363108873798791?ref=hl","UCOtoxvHLKrIlWbt4MRBWfbQ","Feb 28, 2013","United States","RawBeautyKristi","888","174562078","https://www.youtube.com/channel/UCOtoxvHLKrIlWbt4MRBWfbQ","RawBeautyKristi",,"96","2025-03-01T01:03:13.000Z",,"00:01:32",,"shorts","https://www.youtube.com/@RawBeautyKristi/shorts","6AiPK1kD040","https://www.youtube.com/@RawBeautyKristi","https://www.youtube.com/@RawBeautyKristi","false","false",,"1100",,"1080000","0","CHANNEL_SHORTS","https://www.youtube.com/@RawBeautyKristi/about?ucbcb=1","https://www.youtube.com/@RawBeautyKristi/about",,,"https://i.ytimg.com/vi/6AiPK1kD040/oardefault.jpg?sqp=-oaymwEoCJUDENAFSFqQAgHyq4qpAxcIARUAAIhC2AEB4gEKCBgQAhgGOAFAAQ==&rs=AOn4CLCkbE99NWhHNvQH36gTiGKmuzKQMQ","Just a boy wanting to be like his mom 🥹😭 #pottery #ceramic #ceramicart","shorts","https://www.youtube.com/shorts/6AiPK1kD040","9710"
"https://yt3.googleusercontent.com/ytc/AIdro_lHH-xCcB0zvN9-O5EcF8Mw9yYJBAulKTqXpb5RXvraHCBD=s160-c-k-c0x00ffffff-no-rj","https://yt3.googleusercontent.com/Xxb1RSKG0L1fbnMsHGPlD5GxiqcxhD7ckGtaW0IJWiBNdiaDludKHdBXCeNJCOSOW6jtntdA=w2560-fcrop64=1,00005a57ffffa5a8-k-c0xffffffff-no-nd-rj","RawBeautyKristi - A place where you can feel confident in getting HONEST Product Reviews, Makeup tutorials, Health, Life & Weight loss advice and MORE. All with a sense of humor and a bit of a potty mouth. Join me!  

Uploads every Monday, Wednesday & Friday! 

For Business Inquiries please contact: kristi@infagency.com

Facebook
Twitter
Instagram
Username for all: @rawbeautykristi","Instagram","http://instagram.com/rawbeautykristi","Twitter","https://twitter.com/RawBeautyKristi","Facebook","https://www.facebook.com/pages/Raw-Beauty-Kristi/363108873798791?ref=hl","UCOtoxvHLKrIlWbt4MRBWfbQ","Feb 28, 2013","United States","RawBeautyKristi","888","174562078","https://www.youtube.com/channel/UCOtoxvHLKrIlWbt4MRBWfbQ","RawBeautyKristi","https://www.youtube.com/@RawBeautyKristi","false","false","1080000","https://yt3.googleusercontent.com/ytc/AIdro_lHH-xCcB0zvN9-O5EcF8Mw9yYJBAulKTqXpb5RXvraHCBD=s160-c-k-c0x00ffffff-no-rj","https://yt3.googleusercontent.com/Xxb1RSKG0L1fbnMsHGPlD5GxiqcxhD7ckGtaW0IJWiBNdiaDludKHdBXCeNJCOSOW6jtntdA=w2560-fcrop64=1,00005a57ffffa5a8-k-c0xffffffff-no-nd-rj","RawBeautyKristi - A place where you can feel confident in getting HONEST Product Reviews, Makeup tutorials, Health, Life & Weight loss advice and MORE. All with a sense of humor and a bit of a potty mouth. Join me!  

Uploads every Monday, Wednesday & Friday! 

For Business Inquiries please contact: kristi@infagency.com

Facebook
Twitter
Instagram
Username for all: @rawbeautykristi","Instagram","http://instagram.com/rawbeautykristi","Twitter","https://twitter.com/RawBeautyKristi","Facebook","https://www.facebook.com/pages/Raw-Beauty-Kristi/363108873798791?ref=hl","UCOtoxvHLKrIlWbt4MRBWfbQ","Feb 28, 2013","United States","RawBeautyKristi","888","174562078","https://www.youtube.com/channel/UCOtoxvHLKrIlWbt4MRBWfbQ","RawBeautyKristi",,"144","2024-11-19T23:04:43.000Z",,"00:00:53",,"shorts","https://www.youtube.com/@RawBeautyKristi/shorts","EaTQkw5jphM","https://www.youtube.com/@RawBeautyKristi","https://www.youtube.com/@RawBeautyKristi","false","false",,"3600",,"1080000","7","CHANNEL_SHORTS","https://www.youtube.com/@RawBeautyKristi/about?ucbcb=1","https://www.youtube.com/@RawBeautyKristi/about",,,"https://i.ytimg.com/vi/EaTQkw5jphM/oardefault.jpg?sqp=-oaymwEoCJUDENAFSFqQAgHyq4qpAxcIARUAAIhC2AEB4gEKCBgQAhgGOAFAAQ==&rs=AOn4CLDdtEMNbAEtOVfeEd3Twg-p8H9iRA","POV: you gave birth to your very own hype man","shorts","https://www.youtube.com/shorts/EaTQkw5jphM","32273"
"https://yt3.googleusercontent.com/ytc/AIdro_lHH-xCcB0zvN9-O5EcF8Mw9yYJBAulKTqXpb5RXvraHCBD=s160-c-k-c0x00ffffff-no-rj","https://yt3.googleusercontent.com/Xxb1RSKG0L1fbnMsHGPlD5GxiqcxhD7ckGtaW0IJWiBNdiaDludKHdBXCeNJCOSOW6jtntdA=w2560-fcrop64=1,00005a57ffffa5a8-k-c0xffffffff-no-nd-rj","RawBeautyKristi - A place where you can feel confident in getting HONEST Product Reviews, Makeup tutorials, Health, Life & Weight loss advice and MORE. All with a sense of humor and a bit of a potty mouth. Join me!  

Uploads every Monday, Wednesday & Friday! 

For Business Inquiries please contact: kristi@infagency.com

Facebook
Twitter
Instagram
Username for all: @rawbeautykristi","Instagram","http://instagram.com/rawbeautykristi","Twitter","https://twitter.com/RawBeautyKristi","Facebook","https://www.facebook.com/pages/Raw-Beauty-Kristi/363108873798791?ref=hl","UCOtoxvHLKrIlWbt4MRBWfbQ","Feb 28, 2013","United States","RawBeautyKristi","888","174562078","https://www.youtube.com/channel/UCOtoxvHLKrIlWbt4MRBWfbQ","RawBeautyKristi","https://www.youtube.com/@RawBeautyKristi","false","false","1080000","https://yt3.googleusercontent.com/ytc/AIdro_lHH-xCcB0zvN9-O5EcF8Mw9yYJBAulKTqXpb5RXvraHCBD=s160-c-k-c0x00ffffff-no-rj","https://yt3.googleusercontent.com/Xxb1RSKG0L1fbnMsHGPlD5GxiqcxhD7ckGtaW0IJWiBNdiaDludKHdBXCeNJCOSOW6jtntdA=w2560-fcrop64=1,00005a57ffffa5a8-k-c0xffffffff-no-nd-rj","RawBeautyKristi - A place where you can feel confident in getting HONEST Product Reviews, Makeup tutorials, Health, Life & Weight loss advice and MORE. All with a sense of humor and a bit of a potty mouth. Join me!  

Uploads every Monday, Wednesday & Friday! 

For Business Inquiries please contact: kristi@infagency.com

Facebook
Twitter
Instagram
Username for all: @rawbeautykristi","Instagram","http://instagram.com/rawbeautykristi","Twitter","https://twitter.com/RawBeautyKristi","Facebook","https://www.facebook.com/pages/Raw-Beauty-Kristi/363108873798791?ref=hl","UCOtoxvHLKrIlWbt4MRBWfbQ","Feb 28, 2013","United States","RawBeautyKristi","888","174562078","https://www.youtube.com/channel/UCOtoxvHLKrIlWbt4MRBWfbQ","RawBeautyKristi",,"24","2025-01-25T20:00:00.000Z",,"00:00:42",,"shorts","https://www.youtube.com/@RawBeautyKristi/shorts","wYfd7vemWlM","https://www.youtube.com/@RawBeautyKristi","https://www.youtube.com/@RawBeautyKristi","false","false",,"530",,"1080000","4","CHANNEL_SHORTS","https://www.youtube.com/@RawBeautyKristi/about?ucbcb=1","https://www.youtube.com/@RawBeautyKristi/about",,,"https://i.ytimg.com/vi/wYfd7vemWlM/oardefault.jpg?sqp=-oaymwEoCJUDENAFSFqQAgHyq4qpAxcIARUAAIhC2AEB4gEKCBgQAhgGOAFAAQ==&rs=AOn4CLBj2lgn5eXSUk-xdLoCuLnJnBW6lA","DIY monstera leaf bowl! Full video on my channel!","shorts","https://www.youtube.com/shorts/wYfd7vemWlM","4666"
"https://yt3.googleusercontent.com/ytc/AIdro_lHH-xCcB0zvN9-O5EcF8Mw9yYJBAulKTqXpb5RXvraHCBD=s160-c-k-c0x00ffffff-no-rj","https://yt3.googleusercontent.com/Xxb1RSKG0L1fbnMsHGPlD5GxiqcxhD7ckGtaW0IJWiBNdiaDludKHdBXCeNJCOSOW6jtntdA=w2560-fcrop64=1,00005a57ffffa5a8-k-c0xffffffff-no-nd-rj","RawBeautyKristi - A place where you can feel confident in getting HONEST Product Reviews, Makeup tutorials, Health, Life & Weight loss advice and MORE. All with a sense of humor and a bit of a potty mouth. Join me!  

Uploads every Monday, Wednesday & Friday! 

For Business Inquiries please contact: kristi@infagency.com

Facebook
Twitter
Instagram
Username for all: @rawbeautykristi","Instagram","http://instagram.com/rawbeautykristi","Twitter","https://twitter.com/RawBeautyKristi","Facebook","https://www.facebook.com/pages/Raw-Beauty-Kristi/363108873798791?ref=hl","UCOtoxvHLKrIlWbt4MRBWfbQ","Feb 28, 2013","United States","RawBeautyKristi","888","174562078","https://www.youtube.com/channel/UCOtoxvHLKrIlWbt4MRBWfbQ","RawBeautyKristi","https://www.youtube.com/@RawBeautyKristi","false","false","1080000","https://yt3.googleusercontent.com/ytc/AIdro_lHH-xCcB0zvN9-O5EcF8Mw9yYJBAulKTqXpb5RXvraHCBD=s160-c-k-c0x00ffffff-no-rj","https://yt3.googleusercontent.com/Xxb1RSKG0L1fbnMsHGPlD5GxiqcxhD7ckGtaW0IJWiBNdiaDludKHdBXCeNJCOSOW6jtntdA=w2560-fcrop64=1,00005a57ffffa5a8-k-c0xffffffff-no-nd-rj","RawBeautyKristi - A place where you can feel confident in getting HONEST Product Reviews, Makeup tutorials, Health, Life & Weight loss advice and MORE. All with a sense of humor and a bit of a potty mouth. Join me!  

Uploads every Monday, Wednesday & Friday! 

For Business Inquiries please contact: kristi@infagency.com

Facebook
Twitter
Instagram
Username for all: @rawbeautykristi","Instagram","http://instagram.com/rawbeautykristi","Twitter","https://twitter.com/RawBeautyKristi","Facebook","https://www.facebook.com/pages/Raw-Beauty-Kristi/363108873798791?ref=hl","UCOtoxvHLKrIlWbt4MRBWfbQ","Feb 28, 2013","United States","RawBeautyKristi","888","174562078","https://www.youtube.com/channel/UCOtoxvHLKrIlWbt4MRBWfbQ","RawBeautyKristi",,"39","2024-09-17T18:54:02.000Z",,"00:01:00",,"shorts","https://www.youtube.com/@RawBeautyKristi/shorts","Yn-LXIdpfu0","https://www.youtube.com/@RawBeautyKristi","https://www.youtube.com/@RawBeautyKristi","false","false",,"1000",,"1080000","8","CHANNEL_SHORTS","https://www.youtube.com/@RawBeautyKristi/about?ucbcb=1","https://www.youtube.com/@RawBeautyKristi/about",,,"https://i.ytimg.com/vi/Yn-LXIdpfu0/oardefault.jpg?sqp=-oaymwEoCJUDENAFSFqQAgHyq4qpAxcIARUAAIhC2AEB4gEKCBgQAhgGOAFAAQ==&rs=AOn4CLDcrNwMAYdoHRxEBCQE7VDJ9e-MxA","September 17, 2024","shorts","https://www.youtube.com/shorts/Yn-LXIdpfu0","15839"
"https://yt3.googleusercontent.com/ytc/AIdro_lHH-xCcB0zvN9-O5EcF8Mw9yYJBAulKTqXpb5RXvraHCBD=s160-c-k-c0x00ffffff-no-rj","https://yt3.googleusercontent.com/Xxb1RSKG0L1fbnMsHGPlD5GxiqcxhD7ckGtaW0IJWiBNdiaDludKHdBXCeNJCOSOW6jtntdA=w2560-fcrop64=1,00005a57ffffa5a8-k-c0xffffffff-no-nd-rj","RawBeautyKristi - A place where you can feel confident in getting HONEST Product Reviews, Makeup tutorials, Health, Life & Weight loss advice and MORE. All with a sense of humor and a bit of a potty mouth. Join me!  

Uploads every Monday, Wednesday & Friday! 

For Business Inquiries please contact: kristi@infagency.com

Facebook
Twitter
Instagram
Username for all: @rawbeautykristi","Instagram","http://instagram.com/rawbeautykristi","Twitter","https://twitter.com/RawBeautyKristi","Facebook","https://www.facebook.com/pages/Raw-Beauty-Kristi/363108873798791?ref=hl","UCOtoxvHLKrIlWbt4MRBWfbQ","Feb 28, 2013","United States","RawBeautyKristi","888","174562078","https://www.youtube.com/channel/UCOtoxvHLKrIlWbt4MRBWfbQ","RawBeautyKristi","https://www.youtube.com/@RawBeautyKristi","false","false","1080000","https://yt3.googleusercontent.com/ytc/AIdro_lHH-xCcB0zvN9-O5EcF8Mw9yYJBAulKTqXpb5RXvraHCBD=s160-c-k-c0x00ffffff-no-rj","https://yt3.googleusercontent.com/Xxb1RSKG0L1fbnMsHGPlD5GxiqcxhD7ckGtaW0IJWiBNdiaDludKHdBXCeNJCOSOW6jtntdA=w2560-fcrop64=1,00005a57ffffa5a8-k-c0xffffffff-no-nd-rj","RawBeautyKristi - A place where you can feel confident in getting HONEST Product Reviews, Makeup tutorials, Health, Life & Weight loss advice and MORE. All with a sense of humor and a bit of a potty mouth. Join me!  

Uploads every Monday, Wednesday & Friday! 

For Business Inquiries please contact: kristi@infagency.com

Facebook
Twitter
Instagram
Username for all: @rawbeautykristi","Instagram","http://instagram.com/rawbeautykristi","Twitter","https://twitter.com/RawBeautyKristi","Facebook","https://www.facebook.com/pages/Raw-Beauty-Kristi/363108873798791?ref=hl","UCOtoxvHLKrIlWbt4MRBWfbQ","Feb 28, 2013","United States","RawBeautyKristi","888","174562078","https://www.youtube.com/channel/UCOtoxvHLKrIlWbt4MRBWfbQ","RawBeautyKristi",,"38","2024-11-23T00:43:50.000Z",,"00:00:08",,"shorts","https://www.youtube.com/@RawBeautyKristi/shorts","4YnQrOP6G6I","https://www.youtube.com/@RawBeautyKristi","https://www.youtube.com/@RawBeautyKristi","false","false",,"588",,"1080000","5","CHANNEL_SHORTS","https://www.youtube.com/@RawBeautyKristi/about?ucbcb=1","https://www.youtube.com/@RawBeautyKristi/about",,,"https://i.ytimg.com/vi/4YnQrOP6G6I/oar2.jpg?sqp=-oaymwEoCJUDENAFSFqQAgHyq4qpAxcIARUAAIhC2AEB4gEKCBgQAhgGOAFAAQ==&rs=AOn4CLAe1n7ZcSJ4f3nbYLIgvGkm79KW4A","Hope this helps 🫶🏻","shorts","https://www.youtube.com/shorts/4YnQrOP6G6I","8694"
"https://yt3.googleusercontent.com/ytc/AIdro_lHH-xCcB0zvN9-O5EcF8Mw9yYJBAulKTqXpb5RXvraHCBD=s160-c-k-c0x00ffffff-no-rj","https://yt3.googleusercontent.com/Xxb1RSKG0L1fbnMsHGPlD5GxiqcxhD7ckGtaW0IJWiBNdiaDludKHdBXCeNJCOSOW6jtntdA=w2560-fcrop64=1,00005a57ffffa5a8-k-c0xffffffff-no-nd-rj","RawBeautyKristi - A place where you can feel confident in getting HONEST Product Reviews, Makeup tutorials, Health, Life & Weight loss advice and MORE. All with a sense of humor and a bit of a potty mouth. Join me!  

Uploads every Monday, Wednesday & Friday! 

For Business Inquiries please contact: kristi@infagency.com

Facebook
Twitter
Instagram
Username for all: @rawbeautykristi","Instagram","http://instagram.com/rawbeautykristi","Twitter","https://twitter.com/RawBeautyKristi","Facebook","https://www.facebook.com/pages/Raw-Beauty-Kristi/363108873798791?ref=hl","UCOtoxvHLKrIlWbt4MRBWfbQ","Feb 28, 2013","United States","RawBeautyKristi","888","174562078","https://www.youtube.com/channel/UCOtoxvHLKrIlWbt4MRBWfbQ","RawBeautyKristi","https://www.youtube.com/@RawBeautyKristi","false","false","1080000","https://yt3.googleusercontent.com/ytc/AIdro_lHH-xCcB0zvN9-O5EcF8Mw9yYJBAulKTqXpb5RXvraHCBD=s160-c-k-c0x00ffffff-no-rj","https://yt3.googleusercontent.com/Xxb1RSKG0L1fbnMsHGPlD5GxiqcxhD7ckGtaW0IJWiBNdiaDludKHdBXCeNJCOSOW6jtntdA=w2560-fcrop64=1,00005a57ffffa5a8-k-c0xffffffff-no-nd-rj","RawBeautyKristi - A place where you can feel confident in getting HONEST Product Reviews, Makeup tutorials, Health, Life & Weight loss advice and MORE. All with a sense of humor and a bit of a potty mouth. Join me!  

Uploads every Monday, Wednesday & Friday! 

For Business Inquiries please contact: kristi@infagency.com

Facebook
Twitter
Instagram
Username for all: @rawbeautykristi","Instagram","http://instagram.com/rawbeautykristi","Twitter","https://twitter.com/RawBeautyKristi","Facebook","https://www.facebook.com/pages/Raw-Beauty-Kristi/363108873798791?ref=hl","UCOtoxvHLKrIlWbt4MRBWfbQ","Feb 28, 2013","United States","RawBeautyKristi","888","174562078","https://www.youtube.com/channel/UCOtoxvHLKrIlWbt4MRBWfbQ","RawBeautyKristi",,"92","2024-08-10T00:40:03.000Z",,"00:00:39",,"shorts","https://www.youtube.com/@RawBeautyKristi/shorts","2j8wGt3r27k","https://www.youtube.com/@RawBeautyKristi","https://www.youtube.com/@RawBeautyKristi","false","false",,"0",,"1080000","10","CHANNEL_SHORTS","https://www.youtube.com/@RawBeautyKristi/about?ucbcb=1","https://www.youtube.com/@RawBeautyKristi/about",,,"https://i.ytimg.com/vi/2j8wGt3r27k/oardefault.jpg?sqp=-oaymwEoCJUDENAFSFqQAgHyq4qpAxcIARUAAIhC2AEB4gEKCBgQAhgGOAFAAQ==&rs=AOn4CLCOWaEnE7CV-6zHIEMSyx9MM6V_mg","I guess today’s upload has to be a short, unexpected illness ￼🤒🤧","shorts","https://www.youtube.com/shorts/2j8wGt3r27k","24493"
"https://yt3.googleusercontent.com/ytc/AIdro_lHH-xCcB0zvN9-O5EcF8Mw9yYJBAulKTqXpb5RXvraHCBD=s160-c-k-c0x00ffffff-no-rj","https://yt3.googleusercontent.com/Xxb1RSKG0L1fbnMsHGPlD5GxiqcxhD7ckGtaW0IJWiBNdiaDludKHdBXCeNJCOSOW6jtntdA=w2560-fcrop64=1,00005a57ffffa5a8-k-c0xffffffff-no-nd-rj","RawBeautyKristi - A place where you can feel confident in getting HONEST Product Reviews, Makeup tutorials, Health, Life & Weight loss advice and MORE. All with a sense of humor and a bit of a potty mouth. Join me!  

Uploads every Monday, Wednesday & Friday! 

For Business Inquiries please contact: kristi@infagency.com

Facebook
Twitter
Instagram
Username for all: @rawbeautykristi","Instagram","http://instagram.com/rawbeautykristi","Twitter","https://twitter.com/RawBeautyKristi","Facebook","https://www.facebook.com/pages/Raw-Beauty-Kristi/363108873798791?ref=hl","UCOtoxvHLKrIlWbt4MRBWfbQ","Feb 28, 2013","United States","RawBeautyKristi","888","174562078","https://www.youtube.com/channel/UCOtoxvHLKrIlWbt4MRBWfbQ","RawBeautyKristi","https://www.youtube.com/@RawBeautyKristi","false","false","1080000","https://yt3.googleusercontent.com/ytc/AIdro_lHH-xCcB0zvN9-O5EcF8Mw9yYJBAulKTqXpb5RXvraHCBD=s160-c-k-c0x00ffffff-no-rj","https://yt3.googleusercontent.com/Xxb1RSKG0L1fbnMsHGPlD5GxiqcxhD7ckGtaW0IJWiBNdiaDludKHdBXCeNJCOSOW6jtntdA=w2560-fcrop64=1,00005a57ffffa5a8-k-c0xffffffff-no-nd-rj","RawBeautyKristi - A place where you can feel confident in getting HONEST Product Reviews, Makeup tutorials, Health, Life & Weight loss advice and MORE. All with a sense of humor and a bit of a potty mouth. Join me!  

Uploads every Monday, Wednesday & Friday! 

For Business Inquiries please contact: kristi@infagency.com

Facebook
Twitter
Instagram
Username for all: @rawbeautykristi","Instagram","http://instagram.com/rawbeautykristi","Twitter","https://twitter.com/RawBeautyKristi","Facebook","https://www.facebook.com/pages/Raw-Beauty-Kristi/363108873798791?ref=hl","UCOtoxvHLKrIlWbt4MRBWfbQ","Feb 28, 2013","United States","RawBeautyKristi","888","174562078","https://www.youtube.com/channel/UCOtoxvHLKrIlWbt4MRBWfbQ","RawBeautyKristi",,"24","2025-01-29T16:00:35.000Z",,"00:00:18",,"shorts","https://www.youtube.com/@RawBeautyKristi/shorts","8-6qoisFzag","https://www.youtube.com/@RawBeautyKristi","https://www.youtube.com/@RawBeautyKristi","false","false",,"838",,"1080000","3","CHANNEL_SHORTS","https://www.youtube.com/@RawBeautyKristi/about?ucbcb=1","https://www.youtube.com/@RawBeautyKristi/about",,,"https://i.ytimg.com/vi/8-6qoisFzag/oardefault.jpg?sqp=-oaymwEoCJUDENAFSFqQAgHyq4qpAxcIARUAAIhC2AEB4gEKCBgQAhgGOAFAAQ==&rs=AOn4CLB2R479uECjZk6tG-K32KOCjXfeEA","The process is slow.. but worth it","shorts","https://www.youtube.com/shorts/8-6qoisFzag","9559"
"https://yt3.googleusercontent.com/ytc/AIdro_mO4oVyanc8P6nyIlfgjzLJpoc_Rh4gJ_sGq8yKdSGCBkg=s160-c-k-c0x00ffffff-no-rj","https://yt3.googleusercontent.com/TDwgO5MgiugxG0XOvsDziJ1sLBOz2wdQxUB2OUzKE8eFX71i_HkLLYO7o9gV-WW1dry3LRUx=w2560-fcrop64=1,00005a57ffffa5a8-k-c0xffffffff-no-nd-rj","Welcome! We test a ton of popular, overhyped beauty/style products to see what's actually worth buying.","YouTube Shopping Affiliate Hub","https://yt.be/k15Xm","Instagram","http://instagram.com/rachhloves/","RachhLovesLife","https://www.youtube.com/@RachhLovesLife","UCK-4JyAcQYBasFAe367on7w","May 28, 2009","United States","RachhLoves","1107","210615327","https://www.youtube.com/channel/UCK-4JyAcQYBasFAe367on7w","RachhLoves","https://www.youtube.com/@RachhLoves","false","true","1460000","https://yt3.googleusercontent.com/ytc/AIdro_mO4oVyanc8P6nyIlfgjzLJpoc_Rh4gJ_sGq8yKdSGCBkg=s160-c-k-c0x00ffffff-no-rj","https://yt3.googleusercontent.com/TDwgO5MgiugxG0XOvsDziJ1sLBOz2wdQxUB2OUzKE8eFX71i_HkLLYO7o9gV-WW1dry3LRUx=w2560-fcrop64=1,00005a57ffffa5a8-k-c0xffffffff-no-nd-rj","Welcome! We test a ton of popular, overhyped beauty/style products to see what's actually worth buying.","YouTube Shopping Affiliate Hub","https://yt.be/k15Xm","Instagram","http://instagram.com/rachhloves/","RachhLovesLife","https://www.youtube.com/@RachhLovesLife","UCK-4JyAcQYBasFAe367on7w","May 28, 2009","United States","RachhLoves","1107","210615327","https://www.youtube.com/channel/UCK-4JyAcQYBasFAe367on7w","RachhLoves",,"15","2025-02-24T18:14:53.000Z",,"00:01:41",,"shorts","https://www.youtube.com/@RachhLoves/shorts","J0FmA8pOFxA","https://www.youtube.com/@RachhLoves","https://www.youtube.com/@RachhLoves","false","true",,"825",,"1460000","0","CHANNEL_SHORTS","https://www.youtube.com/@RachhLoves/about?ucbcb=1","https://www.youtube.com/@RachhLoves/about",,,"https://i.ytimg.com/vi/J0FmA8pOFxA/oar2.jpg?sqp=-oaymwEoCJUDENAFSFqQAgHyq4qpAxcIARUAAIhC2AEB4gEKCBgQAhgGOAFAAQ==&rs=AOn4CLC_FF6p_W3CJMoLzI_8McsoXXObzA","Is this a BUY 💸 or BYE? 🙅 #rachhloves #viralmakeup","shorts","https://www.youtube.com/shorts/J0FmA8pOFxA","10272"
"https://yt3.googleusercontent.com/ytc/AIdro_mO4oVyanc8P6nyIlfgjzLJpoc_Rh4gJ_sGq8yKdSGCBkg=s160-c-k-c0x00ffffff-no-rj","https://yt3.googleusercontent.com/TDwgO5MgiugxG0XOvsDziJ1sLBOz2wdQxUB2OUzKE8eFX71i_HkLLYO7o9gV-WW1dry3LRUx=w2560-fcrop64=1,00005a57ffffa5a8-k-c0xffffffff-no-nd-rj","Welcome! We test a ton of popular, overhyped beauty/style products to see what's actually worth buying.","YouTube Shopping Affiliate Hub","https://yt.be/k15Xm","Instagram","http://instagram.com/rachhloves/","RachhLovesLife","https://www.youtube.com/@RachhLovesLife","UCK-4JyAcQYBasFAe367on7w","May 28, 2009","United States","RachhLoves","1107","210615327","https://www.youtube.com/channel/UCK-4JyAcQYBasFAe367on7w","RachhLoves","https://www.youtube.com/@RachhLoves","false","true","1460000","https://yt3.googleusercontent.com/ytc/AIdro_mO4oVyanc8P6nyIlfgjzLJpoc_Rh4gJ_sGq8yKdSGCBkg=s160-c-k-c0x00ffffff-no-rj","https://yt3.googleusercontent.com/TDwgO5MgiugxG0XOvsDziJ1sLBOz2wdQxUB2OUzKE8eFX71i_HkLLYO7o9gV-WW1dry3LRUx=w2560-fcrop64=1,00005a57ffffa5a8-k-c0xffffffff-no-nd-rj","Welcome! We test a ton of popular, overhyped beauty/style products to see what's actually worth buying.","YouTube Shopping Affiliate Hub","https://yt.be/k15Xm","Instagram","http://instagram.com/rachhloves/","RachhLovesLife","https://www.youtube.com/@RachhLovesLife","UCK-4JyAcQYBasFAe367on7w","May 28, 2009","United States","RachhLoves","1107","210615327","https://www.youtube.com/channel/UCK-4JyAcQYBasFAe367on7w","RachhLoves",,"6","2024-11-05T18:15:01.000Z",,"00:00:51",,"shorts","https://www.youtube.com/@RachhLoves/shorts","VRWOTLjG6Js","https://www.youtube.com/@RachhLoves","https://www.youtube.com/@RachhLoves","false","true",,"443",,"1460000","1","CHANNEL_SHORTS","https://www.youtube.com/@RachhLoves/about?ucbcb=1","https://www.youtube.com/@RachhLoves/about",,"I really needed a minute with that e-mail lol #sponsored Click link in my channel bio to check out the brands currently offering increased holiday commissions and learn about how you may earn more money with the YouTube Shopping bonus program set to run from now until the EOY! You can find program terms on the YouTube Help Center.subscribe! http://bit.ly/SubToRachhLoves Music provided by: https://bit.ly/3sn2kT1 https://bit.ly/3adJwiQ","https://i.ytimg.com/vi/VRWOTLjG6Js/oar2.jpg?sqp=-oaymwEoCJUDENAFSFqQAgHyq4qpAxcIARUAAIhC2AEB4gEKCBgQAhgGOAFAAQ==&rs=AOn4CLCZpFb8Vp1Hr9xgNNHlm9PYX3x7Fg","Shopping on YouTube #sponsored","shorts","https://www.youtube.com/shorts/VRWOTLjG6Js","7207"
"https://yt3.googleusercontent.com/ytc/AIdro_mO4oVyanc8P6nyIlfgjzLJpoc_Rh4gJ_sGq8yKdSGCBkg=s160-c-k-c0x00ffffff-no-rj","https://yt3.googleusercontent.com/TDwgO5MgiugxG0XOvsDziJ1sLBOz2wdQxUB2OUzKE8eFX71i_HkLLYO7o9gV-WW1dry3LRUx=w2560-fcrop64=1,00005a57ffffa5a8-k-c0xffffffff-no-nd-rj","Welcome! We test a ton of popular, overhyped beauty/style products to see what's actually worth buying.","YouTube Shopping Affiliate Hub","https://yt.be/k15Xm","Instagram","http://instagram.com/rachhloves/","RachhLovesLife","https://www.youtube.com/@RachhLovesLife","UCK-4JyAcQYBasFAe367on7w","May 28, 2009","United States","RachhLoves","1107","210615327","https://www.youtube.com/channel/UCK-4JyAcQYBasFAe367on7w","RachhLoves","https://www.youtube.com/@RachhLoves","false","true","1460000","https://yt3.googleusercontent.com/ytc/AIdro_mO4oVyanc8P6nyIlfgjzLJpoc_Rh4gJ_sGq8yKdSGCBkg=s160-c-k-c0x00ffffff-no-rj","https://yt3.googleusercontent.com/TDwgO5MgiugxG0XOvsDziJ1sLBOz2wdQxUB2OUzKE8eFX71i_HkLLYO7o9gV-WW1dry3LRUx=w2560-fcrop64=1,00005a57ffffa5a8-k-c0xffffffff-no-nd-rj","Welcome! We test a ton of popular, overhyped beauty/style products to see what's actually worth buying.","YouTube Shopping Affiliate Hub","https://yt.be/k15Xm","Instagram","http://instagram.com/rachhloves/","RachhLovesLife","https://www.youtube.com/@RachhLovesLife","UCK-4JyAcQYBasFAe367on7w","May 28, 2009","United States","RachhLoves","1107","210615327","https://www.youtube.com/channel/UCK-4JyAcQYBasFAe367on7w","RachhLoves",,"89","2024-10-01T15:43:04.000Z",,"00:00:09",,"shorts","https://www.youtube.com/@RachhLoves/shorts","QnQzg4VCm5g","https://www.youtube.com/@RachhLoves","https://www.youtube.com/@RachhLoves","false","true",,"3100",,"1460000","3","CHANNEL_SHORTS","https://www.youtube.com/@RachhLoves/about?ucbcb=1","https://www.youtube.com/@RachhLoves/about",,,"https://i.ytimg.com/vi/QnQzg4VCm5g/oardefault.jpg?sqp=-oaymwEoCJUDENAFSFqQAgHyq4qpAxcIARUAAIhC2AEB4gEKCBgQAhgGOAFAAQ==&rs=AOn4CLB7VKn2QIgZ0tZvZncXfO2sx-bxzg","I'm not crying, you're crying. 💒💐💍 #wedding #bridalmakeup","shorts","https://www.youtube.com/shorts/QnQzg4VCm5g","33316"
"https://yt3.googleusercontent.com/ytc/AIdro_mO4oVyanc8P6nyIlfgjzLJpoc_Rh4gJ_sGq8yKdSGCBkg=s160-c-k-c0x00ffffff-no-rj","https://yt3.googleusercontent.com/TDwgO5MgiugxG0XOvsDziJ1sLBOz2wdQxUB2OUzKE8eFX71i_HkLLYO7o9gV-WW1dry3LRUx=w2560-fcrop64=1,00005a57ffffa5a8-k-c0xffffffff-no-nd-rj","Welcome! We test a ton of popular, overhyped beauty/style products to see what's actually worth buying.","YouTube Shopping Affiliate Hub","https://yt.be/k15Xm","Instagram","http://instagram.com/rachhloves/","RachhLovesLife","https://www.youtube.com/@RachhLovesLife","UCK-4JyAcQYBasFAe367on7w","May 28, 2009","United States","RachhLoves","1107","210615327","https://www.youtube.com/channel/UCK-4JyAcQYBasFAe367on7w","RachhLoves","https://www.youtube.com/@RachhLoves","false","true","1460000","https://yt3.googleusercontent.com/ytc/AIdro_mO4oVyanc8P6nyIlfgjzLJpoc_Rh4gJ_sGq8yKdSGCBkg=s160-c-k-c0x00ffffff-no-rj","https://yt3.googleusercontent.com/TDwgO5MgiugxG0XOvsDziJ1sLBOz2wdQxUB2OUzKE8eFX71i_HkLLYO7o9gV-WW1dry3LRUx=w2560-fcrop64=1,00005a57ffffa5a8-k-c0xffffffff-no-nd-rj","Welcome! We test a ton of popular, overhyped beauty/style products to see what's actually worth buying.","YouTube Shopping Affiliate Hub","https://yt.be/k15Xm","Instagram","http://instagram.com/rachhloves/","RachhLovesLife","https://www.youtube.com/@RachhLovesLife","UCK-4JyAcQYBasFAe367on7w","May 28, 2009","United States","RachhLoves","1107","210615327","https://www.youtube.com/channel/UCK-4JyAcQYBasFAe367on7w","RachhLoves",,"52","2024-10-07T16:20:46.000Z",,"00:00:06",,"shorts","https://www.youtube.com/@RachhLoves/shorts","S2HcbVKCiWE","https://www.youtube.com/@RachhLoves","https://www.youtube.com/@RachhLoves","false","true",,"2100",,"1460000","2","CHANNEL_SHORTS","https://www.youtube.com/@RachhLoves/about?ucbcb=1","https://www.youtube.com/@RachhLoves/about",,,"https://i.ytimg.com/vi/S2HcbVKCiWE/oar2.jpg?sqp=-oaymwEoCJUDENAFSFqQAgHyq4qpAxcIARUAAIhC2AEB4gEKCBgQAhgGOAFAAQ==&rs=AOn4CLCEOtRnKjLL59C9kVlVEF-hNAVhnQ","can we get a little commotion for the dresses 💃🏼💐✨💍","shorts","https://www.youtube.com/shorts/S2HcbVKCiWE","29912"
"https://yt3.googleusercontent.com/ytc/AIdro_klPxB_OXSeKuRhih8m1oDSRUDbovVRCsjZ8Fgo1r4z670=s160-c-k-c0x00ffffff-no-rj","https://yt3.googleusercontent.com/ZcbkklICCr59gV9dCTQdWuuI1Zk1AUTuuCfXCPMW1b_b3dXiDka_KRS7BznrjPV0degUQUh7fw=w2560-fcrop64=1,00005a57ffffa5a8-k-c0xffffffff-no-nd-rj","Hey! I'm Kathleen. An oddball Aquarius with a love for all things beauty! I keep it simple on this channel with reviews and tutorials and sometimes I do fun challenges, but for the most part, I stay pretty old school. I upload on Mondays, Wednesdays and Fridays unless otherwise noted (usually on Twitter so be sure to follow me there). If I am doing a sponsored video, it will be on one of my off days so you get bonus content :) 

I absolutely love getting ideas from you guys so please always tell me what kind of videos you want to see in the comments and don't forget to subscribe and click the notification bell to stay up to date with my content.","MY IG","https://www.instagram.com/kathleenlights/?hl=en","Website","https://lightslabel.com/","LL IG","https://www.instagram.com/lightslabel/","UC8v4vz_n2rys6Yxpj8LuOBA","Jan 26, 2013","United States","KathleenLights","1273","658825458","https://www.youtube.com/channel/UC8v4vz_n2rys6Yxpj8LuOBA","KathleenLights","https://www.youtube.com/@KathleenLights","false","true","4110000","https://yt3.googleusercontent.com/ytc/AIdro_klPxB_OXSeKuRhih8m1oDSRUDbovVRCsjZ8Fgo1r4z670=s160-c-k-c0x00ffffff-no-rj","https://yt3.googleusercontent.com/ZcbkklICCr59gV9dCTQdWuuI1Zk1AUTuuCfXCPMW1b_b3dXiDka_KRS7BznrjPV0degUQUh7fw=w2560-fcrop64=1,00005a57ffffa5a8-k-c0xffffffff-no-nd-rj","Hey! I'm Kathleen. An oddball Aquarius with a love for all things beauty! I keep it simple on this channel with reviews and tutorials and sometimes I do fun challenges, but for the most part, I stay pretty old school. I upload on Mondays, Wednesdays and Fridays unless otherwise noted (usually on Twitter so be sure to follow me there). If I am doing a sponsored video, it will be on one of my off days so you get bonus content :) 

I absolutely love getting ideas from you guys so please always tell me what kind of videos you want to see in the comments and don't forget to subscribe and click the notification bell to stay up to date with my content.","MY IG","https://www.instagram.com/kathleenlights/?hl=en","Website","https://lightslabel.com/","LL IG","https://www.instagram.com/lightslabel/","UC8v4vz_n2rys6Yxpj8LuOBA","Jan 26, 2013","United States","KathleenLights","1273","658825458","https://www.youtube.com/channel/UC8v4vz_n2rys6Yxpj8LuOBA","KathleenLights",,"21","2024-11-21T22:51:01.000Z",,"00:00:59",,"shorts","https://www.youtube.com/@KathleenLights/shorts","BAmKAUEVuts","https://www.youtube.com/@KathleenLights","https://www.youtube.com/@KathleenLights","false","true",,"841",,"4110000","0","CHANNEL_SHORTS","https://www.youtube.com/@KathleenLights/about?ucbcb=1","https://www.youtube.com/@KathleenLights/about",,,"https://i.ytimg.com/vi/BAmKAUEVuts/oardefault.jpg?sqp=-oaymwEoCJUDENAFSFqQAgHyq4qpAxcIARUAAIhC2AEB4gEKCBgQAhgGOAFAAQ==&rs=AOn4CLCPFj0PuE0KuKHDm6VRHsEmXhF3IA","Shop my favorites from @LANEIGE_US  during their BF/ CM Sale! 20% off from 11/21/24- 12/1/24 #AD","shorts","https://www.youtube.com/shorts/BAmKAUEVuts","40972"
"https://yt3.googleusercontent.com/ytc/AIdro_klPxB_OXSeKuRhih8m1oDSRUDbovVRCsjZ8Fgo1r4z670=s160-c-k-c0x00ffffff-no-rj","https://yt3.googleusercontent.com/ZcbkklICCr59gV9dCTQdWuuI1Zk1AUTuuCfXCPMW1b_b3dXiDka_KRS7BznrjPV0degUQUh7fw=w2560-fcrop64=1,00005a57ffffa5a8-k-c0xffffffff-no-nd-rj","Hey! I'm Kathleen. An oddball Aquarius with a love for all things beauty! I keep it simple on this channel with reviews and tutorials and sometimes I do fun challenges, but for the most part, I stay pretty old school. I upload on Mondays, Wednesdays and Fridays unless otherwise noted (usually on Twitter so be sure to follow me there). If I am doing a sponsored video, it will be on one of my off days so you get bonus content :) 

I absolutely love getting ideas from you guys so please always tell me what kind of videos you want to see in the comments and don't forget to subscribe and click the notification bell to stay up to date with my content.","MY IG","https://www.instagram.com/kathleenlights/?hl=en","Website","https://lightslabel.com/","LL IG","https://www.instagram.com/lightslabel/","UC8v4vz_n2rys6Yxpj8LuOBA","Jan 26, 2013","United States","KathleenLights","1273","658825458","https://www.youtube.com/channel/UC8v4vz_n2rys6Yxpj8LuOBA","KathleenLights","https://www.youtube.com/@KathleenLights","false","true","4110000","https://yt3.googleusercontent.com/ytc/AIdro_klPxB_OXSeKuRhih8m1oDSRUDbovVRCsjZ8Fgo1r4z670=s160-c-k-c0x00ffffff-no-rj","https://yt3.googleusercontent.com/ZcbkklICCr59gV9dCTQdWuuI1Zk1AUTuuCfXCPMW1b_b3dXiDka_KRS7BznrjPV0degUQUh7fw=w2560-fcrop64=1,00005a57ffffa5a8-k-c0xffffffff-no-nd-rj","Hey! I'm Kathleen. An oddball Aquarius with a love for all things beauty! I keep it simple on this channel with reviews and tutorials and sometimes I do fun challenges, but for the most part, I stay pretty old school. I upload on Mondays, Wednesdays and Fridays unless otherwise noted (usually on Twitter so be sure to follow me there). If I am doing a sponsored video, it will be on one of my off days so you get bonus content :) 

I absolutely love getting ideas from you guys so please always tell me what kind of videos you want to see in the comments and don't forget to subscribe and click the notification bell to stay up to date with my content.","MY IG","https://www.instagram.com/kathleenlights/?hl=en","Website","https://lightslabel.com/","LL IG","https://www.instagram.com/lightslabel/","UC8v4vz_n2rys6Yxpj8LuOBA","Jan 26, 2013","United States","KathleenLights","1273","658825458","https://www.youtube.com/channel/UC8v4vz_n2rys6Yxpj8LuOBA","KathleenLights",,"28","2024-04-05T14:22:11.000Z",,"00:01:00",,"shorts","https://www.youtube.com/@KathleenLights/shorts","_oHUsAHReOQ","https://www.youtube.com/@KathleenLights","https://www.youtube.com/@KathleenLights","false","true",,"2200",,"4110000","3","CHANNEL_SHORTS","https://www.youtube.com/@KathleenLights/about?ucbcb=1","https://www.youtube.com/@KathleenLights/about",,"Here are some of my TOP favorites from Sephora! Just a heads up, If you click a tagged product or link in my video & make a purchase, I may receive a commission! #youtubeShopping #ShoptheRealDeal #ad","https://i.ytimg.com/vi/_oHUsAHReOQ/oardefault.jpg?sqp=-oaymwEoCJUDENAFSFqQAgHyq4qpAxcIARUAAIhC2AEB4gEKCBgQAhgGOAFAAQ==&rs=AOn4CLCzydZT6adR-dY18wb-zppWZxteUA","YouTube Shopping’s Real Deal event is here! Shop my Sephora VIB Sale Favs!","shorts","https://www.youtube.com/shorts/_oHUsAHReOQ","44453"
"https://yt3.googleusercontent.com/ytc/AIdro_klPxB_OXSeKuRhih8m1oDSRUDbovVRCsjZ8Fgo1r4z670=s160-c-k-c0x00ffffff-no-rj","https://yt3.googleusercontent.com/ZcbkklICCr59gV9dCTQdWuuI1Zk1AUTuuCfXCPMW1b_b3dXiDka_KRS7BznrjPV0degUQUh7fw=w2560-fcrop64=1,00005a57ffffa5a8-k-c0xffffffff-no-nd-rj","Hey! I'm Kathleen. An oddball Aquarius with a love for all things beauty! I keep it simple on this channel with reviews and tutorials and sometimes I do fun challenges, but for the most part, I stay pretty old school. I upload on Mondays, Wednesdays and Fridays unless otherwise noted (usually on Twitter so be sure to follow me there). If I am doing a sponsored video, it will be on one of my off days so you get bonus content :) 

I absolutely love getting ideas from you guys so please always tell me what kind of videos you want to see in the comments and don't forget to subscribe and click the notification bell to stay up to date with my content.","MY IG","https://www.instagram.com/kathleenlights/?hl=en","Website","https://lightslabel.com/","LL IG","https://www.instagram.com/lightslabel/","UC8v4vz_n2rys6Yxpj8LuOBA","Jan 26, 2013","United States","KathleenLights","1273","658825458","https://www.youtube.com/channel/UC8v4vz_n2rys6Yxpj8LuOBA","KathleenLights","https://www.youtube.com/@KathleenLights","false","true","4110000","https://yt3.googleusercontent.com/ytc/AIdro_klPxB_OXSeKuRhih8m1oDSRUDbovVRCsjZ8Fgo1r4z670=s160-c-k-c0x00ffffff-no-rj","https://yt3.googleusercontent.com/ZcbkklICCr59gV9dCTQdWuuI1Zk1AUTuuCfXCPMW1b_b3dXiDka_KRS7BznrjPV0degUQUh7fw=w2560-fcrop64=1,00005a57ffffa5a8-k-c0xffffffff-no-nd-rj","Hey! I'm Kathleen. An oddball Aquarius with a love for all things beauty! I keep it simple on this channel with reviews and tutorials and sometimes I do fun challenges, but for the most part, I stay pretty old school. I upload on Mondays, Wednesdays and Fridays unless otherwise noted (usually on Twitter so be sure to follow me there). If I am doing a sponsored video, it will be on one of my off days so you get bonus content :) 

I absolutely love getting ideas from you guys so please always tell me what kind of videos you want to see in the comments and don't forget to subscribe and click the notification bell to stay up to date with my content.","MY IG","https://www.instagram.com/kathleenlights/?hl=en","Website","https://lightslabel.com/","LL IG","https://www.instagram.com/lightslabel/","UC8v4vz_n2rys6Yxpj8LuOBA","Jan 26, 2013","United States","KathleenLights","1273","658825458","https://www.youtube.com/channel/UC8v4vz_n2rys6Yxpj8LuOBA","KathleenLights",,"29","2024-10-13T17:05:26.000Z",,"00:00:56",,"shorts","https://www.youtube.com/@KathleenLights/shorts","tB2aQrpV9Jc","https://www.youtube.com/@KathleenLights","https://www.youtube.com/@KathleenLights","false","true",,"1500",,"4110000","1","CHANNEL_SHORTS","https://www.youtube.com/@KathleenLights/about?ucbcb=1","https://www.youtube.com/@KathleenLights/about",,,"https://i.ytimg.com/vi/tB2aQrpV9Jc/oardefault.jpg?sqp=-oaymwEoCJUDENAFSFqQAgHyq4qpAxcIARUAAIhC2AEB4gEKCBgQAhgGOAFAAQ==&rs=AOn4CLARe5VeiNT0_Y3avulo--sUyT5gBQ","Have you guys watched my newest video? I talk about my TOP 20 Perfumes for FALL 🍂🍁","shorts","https://www.youtube.com/shorts/tB2aQrpV9Jc","36422"
"https://yt3.googleusercontent.com/ytc/AIdro_klPxB_OXSeKuRhih8m1oDSRUDbovVRCsjZ8Fgo1r4z670=s160-c-k-c0x00ffffff-no-rj","https://yt3.googleusercontent.com/ZcbkklICCr59gV9dCTQdWuuI1Zk1AUTuuCfXCPMW1b_b3dXiDka_KRS7BznrjPV0degUQUh7fw=w2560-fcrop64=1,00005a57ffffa5a8-k-c0xffffffff-no-nd-rj","Hey! I'm Kathleen. An oddball Aquarius with a love for all things beauty! I keep it simple on this channel with reviews and tutorials and sometimes I do fun challenges, but for the most part, I stay pretty old school. I upload on Mondays, Wednesdays and Fridays unless otherwise noted (usually on Twitter so be sure to follow me there). If I am doing a sponsored video, it will be on one of my off days so you get bonus content :) 

I absolutely love getting ideas from you guys so please always tell me what kind of videos you want to see in the comments and don't forget to subscribe and click the notification bell to stay up to date with my content.","MY IG","https://www.instagram.com/kathleenlights/?hl=en","Website","https://lightslabel.com/","LL IG","https://www.instagram.com/lightslabel/","UC8v4vz_n2rys6Yxpj8LuOBA","Jan 26, 2013","United States","KathleenLights","1273","658825458","https://www.youtube.com/channel/UC8v4vz_n2rys6Yxpj8LuOBA","KathleenLights","https://www.youtube.com/@KathleenLights","false","true","4110000","https://yt3.googleusercontent.com/ytc/AIdro_klPxB_OXSeKuRhih8m1oDSRUDbovVRCsjZ8Fgo1r4z670=s160-c-k-c0x00ffffff-no-rj","https://yt3.googleusercontent.com/ZcbkklICCr59gV9dCTQdWuuI1Zk1AUTuuCfXCPMW1b_b3dXiDka_KRS7BznrjPV0degUQUh7fw=w2560-fcrop64=1,00005a57ffffa5a8-k-c0xffffffff-no-nd-rj","Hey! I'm Kathleen. An oddball Aquarius with a love for all things beauty! I keep it simple on this channel with reviews and tutorials and sometimes I do fun challenges, but for the most part, I stay pretty old school. I upload on Mondays, Wednesdays and Fridays unless otherwise noted (usually on Twitter so be sure to follow me there). If I am doing a sponsored video, it will be on one of my off days so you get bonus content :) 

I absolutely love getting ideas from you guys so please always tell me what kind of videos you want to see in the comments and don't forget to subscribe and click the notification bell to stay up to date with my content.","MY IG","https://www.instagram.com/kathleenlights/?hl=en","Website","https://lightslabel.com/","LL IG","https://www.instagram.com/lightslabel/","UC8v4vz_n2rys6Yxpj8LuOBA","Jan 26, 2013","United States","KathleenLights","1273","658825458","https://www.youtube.com/channel/UC8v4vz_n2rys6Yxpj8LuOBA","KathleenLights",,"67","2024-04-09T16:08:27.000Z",,"00:00:59",,"shorts","https://www.youtube.com/@KathleenLights/shorts","D-FwVUY_onQ","https://www.youtube.com/@KathleenLights","https://www.youtube.com/@KathleenLights","false","true",,"3600",,"4110000","2","CHANNEL_SHORTS","https://www.youtube.com/@KathleenLights/about?ucbcb=1","https://www.youtube.com/@KathleenLights/about",,"YouTube Shopping’s new feature lets you shop my Collection by clicking the shopping button. Here are some of my TOP favorites from Walmart! Just a heads up, If you click a tagged product or link in my video & make a purchase, I may receive a commission! Thanks to YouTube for sponsoring this video.  #ShoptheRealDeal #ad #KathleenLights #walmartbeauty #beautyproducts","https://i.ytimg.com/vi/D-FwVUY_onQ/oar2.jpg?sqp=-oaymwEoCJUDENAFSFqQAgHyq4qpAxcIARUAAIhC2AEB4gEKCBgQAhgGOAFAAQ==&rs=AOn4CLAO_eLgNWByql6xSmMfpj6rwaZlEQ","Shop my Walmart Glow Up Beauty sale favs on my Youtube Shopping Collection now! #youtubeshopping","shorts","https://www.youtube.com/shorts/D-FwVUY_onQ","75802"
"https://yt3.googleusercontent.com/ytc/AIdro_klPxB_OXSeKuRhih8m1oDSRUDbovVRCsjZ8Fgo1r4z670=s160-c-k-c0x00ffffff-no-rj","https://yt3.googleusercontent.com/ZcbkklICCr59gV9dCTQdWuuI1Zk1AUTuuCfXCPMW1b_b3dXiDka_KRS7BznrjPV0degUQUh7fw=w2560-fcrop64=1,00005a57ffffa5a8-k-c0xffffffff-no-nd-rj","Hey! I'm Kathleen. An oddball Aquarius with a love for all things beauty! I keep it simple on this channel with reviews and tutorials and sometimes I do fun challenges, but for the most part, I stay pretty old school. I upload on Mondays, Wednesdays and Fridays unless otherwise noted (usually on Twitter so be sure to follow me there). If I am doing a sponsored video, it will be on one of my off days so you get bonus content :) 

I absolutely love getting ideas from you guys so please always tell me what kind of videos you want to see in the comments and don't forget to subscribe and click the notification bell to stay up to date with my content.","MY IG","https://www.instagram.com/kathleenlights/?hl=en","Website","https://lightslabel.com/","LL IG","https://www.instagram.com/lightslabel/","UC8v4vz_n2rys6Yxpj8LuOBA","Jan 26, 2013","United States","KathleenLights","1273","658825458","https://www.youtube.com/channel/UC8v4vz_n2rys6Yxpj8LuOBA","KathleenLights","https://www.youtube.com/@KathleenLights","false","true","4110000","https://yt3.googleusercontent.com/ytc/AIdro_klPxB_OXSeKuRhih8m1oDSRUDbovVRCsjZ8Fgo1r4z670=s160-c-k-c0x00ffffff-no-rj","https://yt3.googleusercontent.com/ZcbkklICCr59gV9dCTQdWuuI1Zk1AUTuuCfXCPMW1b_b3dXiDka_KRS7BznrjPV0degUQUh7fw=w2560-fcrop64=1,00005a57ffffa5a8-k-c0xffffffff-no-nd-rj","Hey! I'm Kathleen. An oddball Aquarius with a love for all things beauty! I keep it simple on this channel with reviews and tutorials and sometimes I do fun challenges, but for the most part, I stay pretty old school. I upload on Mondays, Wednesdays and Fridays unless otherwise noted (usually on Twitter so be sure to follow me there). If I am doing a sponsored video, it will be on one of my off days so you get bonus content :) 

I absolutely love getting ideas from you guys so please always tell me what kind of videos you want to see in the comments and don't forget to subscribe and click the notification bell to stay up to date with my content.","MY IG","https://www.instagram.com/kathleenlights/?hl=en","Website","https://lightslabel.com/","LL IG","https://www.instagram.com/lightslabel/","UC8v4vz_n2rys6Yxpj8LuOBA","Jan 26, 2013","United States","KathleenLights","1273","658825458","https://www.youtube.com/channel/UC8v4vz_n2rys6Yxpj8LuOBA","KathleenLights",,"440","2024-03-01T13:22:45.000Z",,"00:00:09",,"shorts","https://www.youtube.com/@KathleenLights/shorts","6UlG2Lbjs_U","https://www.youtube.com/@KathleenLights","https://www.youtube.com/@KathleenLights","false","true",,"7100",,"4110000","4","CHANNEL_SHORTS","https://www.youtube.com/@KathleenLights/about?ucbcb=1","https://www.youtube.com/@KathleenLights/about",,,"https://i.ytimg.com/vi/6UlG2Lbjs_U/oardefault.jpg?sqp=-oaymwEoCJUDENAFSFqQAgHyq4qpAxcIARUAAIhC2AEB4gEKCBgQAhgGOAFAAQ==&rs=AOn4CLAxVBxuv48yYrpF-pIGC6rkPZ7CcA","Call me Kat Quinlan from now on #crescentcity #booktube","shorts","https://www.youtube.com/shorts/6UlG2Lbjs_U","96383"
"https://yt3.googleusercontent.com/ytc/AIdro_lHH-xCcB0zvN9-O5EcF8Mw9yYJBAulKTqXpb5RXvraHCBD=s160-c-k-c0x00ffffff-no-rj","https://yt3.googleusercontent.com/Xxb1RSKG0L1fbnMsHGPlD5GxiqcxhD7ckGtaW0IJWiBNdiaDludKHdBXCeNJCOSOW6jtntdA=w2560-fcrop64=1,00005a57ffffa5a8-k-c0xffffffff-no-nd-rj","RawBeautyKristi - A place where you can feel confident in getting HONEST Product Reviews, Makeup tutorials, Health, Life & Weight loss advice and MORE. All with a sense of humor and a bit of a potty mouth. Join me!  

Uploads every Monday, Wednesday & Friday! 

For Business Inquiries please contact: kristi@infagency.com

Facebook
Twitter
Instagram
Username for all: @rawbeautykristi","Instagram","http://instagram.com/rawbeautykristi","Twitter","https://twitter.com/RawBeautyKristi","Facebook","https://www.facebook.com/pages/Raw-Beauty-Kristi/363108873798791?ref=hl","UCOtoxvHLKrIlWbt4MRBWfbQ","Feb 28, 2013","United States","RawBeautyKristi","888","174562078","https://www.youtube.com/channel/UCOtoxvHLKrIlWbt4MRBWfbQ","RawBeautyKristi","https://www.youtube.com/@RawBeautyKristi","false","false","1080000","https://yt3.googleusercontent.com/ytc/AIdro_lHH-xCcB0zvN9-O5EcF8Mw9yYJBAulKTqXpb5RXvraHCBD=s160-c-k-c0x00ffffff-no-rj","https://yt3.googleusercontent.com/Xxb1RSKG0L1fbnMsHGPlD5GxiqcxhD7ckGtaW0IJWiBNdiaDludKHdBXCeNJCOSOW6jtntdA=w2560-fcrop64=1,00005a57ffffa5a8-k-c0xffffffff-no-nd-rj","RawBeautyKristi - A place where you can feel confident in getting HONEST Product Reviews, Makeup tutorials, Health, Life & Weight loss advice and MORE. All with a sense of humor and a bit of a potty mouth. Join me!  

Uploads every Monday, Wednesday & Friday! 

For Business Inquiries please contact: kristi@infagency.com

Facebook
Twitter
Instagram
Username for all: @rawbeautykristi","Instagram","http://instagram.com/rawbeautykristi","Twitter","https://twitter.com/RawBeautyKristi","Facebook","https://www.facebook.com/pages/Raw-Beauty-Kristi/363108873798791?ref=hl","UCOtoxvHLKrIlWbt4MRBWfbQ","Feb 28, 2013","United States","RawBeautyKristi","888","174562078","https://www.youtube.com/channel/UCOtoxvHLKrIlWbt4MRBWfbQ","RawBeautyKristi",,"69","2024-11-20T19:00:20.000Z",,"00:00:13",,"shorts","https://www.youtube.com/@RawBeautyKristi/shorts","XnYQXvTRCq8","https://www.youtube.com/@RawBeautyKristi","https://www.youtube.com/@RawBeautyKristi","false","false",,"1300",,"1080000","6","CHANNEL_SHORTS","https://www.youtube.com/@RawBeautyKristi/about?ucbcb=1","https://www.youtube.com/@RawBeautyKristi/about",,,"https://i.ytimg.com/vi/XnYQXvTRCq8/oardefault.jpg?sqp=-oaymwEoCJUDENAFSFqQAgHyq4qpAxcIARUAAIhC2AEB4gEKCBgQAhgGOAFAAQ==&rs=AOn4CLBV_5JuZqiaVTNkWGIP_ANPkV957g","If you hug me and I smell like garlic.. you know why 🧄","shorts","https://www.youtube.com/shorts/XnYQXvTRCq8","24583"
"https://yt3.googleusercontent.com/ytc/AIdro_lHH-xCcB0zvN9-O5EcF8Mw9yYJBAulKTqXpb5RXvraHCBD=s160-c-k-c0x00ffffff-no-rj","https://yt3.googleusercontent.com/Xxb1RSKG0L1fbnMsHGPlD5GxiqcxhD7ckGtaW0IJWiBNdiaDludKHdBXCeNJCOSOW6jtntdA=w2560-fcrop64=1,00005a57ffffa5a8-k-c0xffffffff-no-nd-rj","RawBeautyKristi - A place where you can feel confident in getting HONEST Product Reviews, Makeup tutorials, Health, Life & Weight loss advice and MORE. All with a sense of humor and a bit of a potty mouth. Join me!  

Uploads every Monday, Wednesday & Friday! 

For Business Inquiries please contact: kristi@infagency.com

Facebook
Twitter
Instagram
Username for all: @rawbeautykristi","Instagram","http://instagram.com/rawbeautykristi","Twitter","https://twitter.com/RawBeautyKristi","Facebook","https://www.facebook.com/pages/Raw-Beauty-Kristi/363108873798791?ref=hl","UCOtoxvHLKrIlWbt4MRBWfbQ","Feb 28, 2013","United States","RawBeautyKristi","888","174562078","https://www.youtube.com/channel/UCOtoxvHLKrIlWbt4MRBWfbQ","RawBeautyKristi","https://www.youtube.com/@RawBeautyKristi","false","false","1080000","https://yt3.googleusercontent.com/ytc/AIdro_lHH-xCcB0zvN9-O5EcF8Mw9yYJBAulKTqXpb5RXvraHCBD=s160-c-k-c0x00ffffff-no-rj","https://yt3.googleusercontent.com/Xxb1RSKG0L1fbnMsHGPlD5GxiqcxhD7ckGtaW0IJWiBNdiaDludKHdBXCeNJCOSOW6jtntdA=w2560-fcrop64=1,00005a57ffffa5a8-k-c0xffffffff-no-nd-rj","RawBeautyKristi - A place where you can feel confident in getting HONEST Product Reviews, Makeup tutorials, Health, Life & Weight loss advice and MORE. All with a sense of humor and a bit of a potty mouth. Join me!  

Uploads every Monday, Wednesday & Friday! 

For Business Inquiries please contact: kristi@infagency.com

Facebook
Twitter
Instagram
Username for all: @rawbeautykristi","Instagram","http://instagram.com/rawbeautykristi","Twitter","https://twitter.com/RawBeautyKristi","Facebook","https://www.facebook.com/pages/Raw-Beauty-Kristi/363108873798791?ref=hl","UCOtoxvHLKrIlWbt4MRBWfbQ","Feb 28, 2013","United States","RawBeautyKristi","888","174562078","https://www.youtube.com/channel/UCOtoxvHLKrIlWbt4MRBWfbQ","RawBeautyKristi",,"48","2024-09-06T18:48:15.000Z",,"00:00:59",,"shorts","https://www.youtube.com/@RawBeautyKristi/shorts","hDimsO_Zbkw","https://www.youtube.com/@RawBeautyKristi","https://www.youtube.com/@RawBeautyKristi","false","false",,"1300",,"1080000","9","CHANNEL_SHORTS","https://www.youtube.com/@RawBeautyKristi/about?ucbcb=1","https://www.youtube.com/@RawBeautyKristi/about",,,"https://i.ytimg.com/vi/hDimsO_Zbkw/oar2.jpg?sqp=-oaymwEoCJUDENAFSFqQAgHyq4qpAxcIARUAAIhC2AEB4gEKCBgQAhgGOAFAAQ==&rs=AOn4CLDqSCp3dLeOEnVekj_vR2FZUjmbug","Have y’all seen my latest upload? Full face e.l.f. - if not.. here’s what you can expect lol","shorts","https://www.youtube.com/shorts/hDimsO_Zbkw","17374"
